2023-12-24 10:49:42 +0000  Initial pipeline context: <IDEDistributionProcessingPipelineContext: 0x7fc77abc4dc0; archive(resolved)="<IDEArchive: 0x60003d253f00>", distributionTask(resolved)="2", distributionDestination(resolved)="1", distributionMethod(resolved)="<IDEDistributionMethodDevelopmentSigned: 0x600017468360>", team(resolved)="<IDEProvisioningDisambiguatableBasicTeam: 0x600002b68480; teamID='2HFB6JVCW6', teamName='Tubayo (U) Ltd', teamType='Company', username='tubayoios@gmail.com', isFreeProvisioningTeam='0'>">
	Chain (14, self inclusive):
	<IDEDistributionProcessingPipelineContext: 0x7fc77abc4dc0; archive = "<IDEArchive: 0x60003d253f00>", distributionMethod="<IDEDistributionMethodDevelopmentSigned: 0x600017468360>", team="<IDEProvisioningDisambiguatableBasicTeam: 0x600002b68480; teamID='2HFB6JVCW6', teamName='Tubayo (U) Ltd', teamType='Company', username='tubayoios@gmail.com', isFreeProvisioningTeam='0'>">
	<IDEDistributionProcessingPipelineContext: 0x7fc776217920; archive = "<IDEArchive: 0x60003d253f00>", distributionMethod="<IDEDistributionMethodDevelopmentSigned: 0x600017468360>", team="<IDEProvisioningDisambiguatableBasicTeam: 0x600002b68480; teamID='2HFB6JVCW6', teamName='Tubayo (U) Ltd', teamType='Company', username='tubayoios@gmail.com', isFreeProvisioningTeam='0'>">
	<IDEDistributionContext: 0x7fc778ce9440; archive = "<IDEArchive: 0x60003d253f00>", distributionMethod="<IDEDistributionMethodDevelopmentSigned: 0x600017468360>", team="<IDEProvisioningDisambiguatableBasicTeam: 0x600002b68480; teamID='2HFB6JVCW6', teamName='Tubayo (U) Ltd', teamType='Company', username='tubayoios@gmail.com', isFreeProvisioningTeam='0'>">
	<IDEDistributionContext: 0x7fc778917800; archive = "<IDEArchive: 0x60003d253f00>", distributionMethod="<IDEDistributionMethodDevelopmentSigned: 0x600017468360>", team="<IDEProvisioningDisambiguatableBasicTeam: 0x600002b68480; teamID='2HFB6JVCW6', teamName='Tubayo (U) Ltd', teamType='Company', username='tubayoios@gmail.com', isFreeProvisioningTeam='0'>">
	<IDEDistributionContext: 0x7fc7948efde0; archive = "<IDEArchive: 0x60003d253f00>", distributionMethod="<IDEDistributionMethodDevelopmentSigned: 0x600017468360>", team="<IDEProvisioningDisambiguatableBasicTeam: 0x600002b68480; teamID='2HFB6JVCW6', teamName='Tubayo (U) Ltd', teamType='Company', username='tubayoios@gmail.com', isFreeProvisioningTeam='0'>">
	<IDEDistributionContext: 0x7fc7948846c0; archive = "<IDEArchive: 0x60003d253f00>", distributionMethod="<IDEDistributionMethodDevelopmentSigned: 0x600017468360>", team="<IDEProvisioningDisambiguatableBasicTeam: 0x600002b68480; teamID='2HFB6JVCW6', teamName='Tubayo (U) Ltd', teamType='Company', username='tubayoios@gmail.com', isFreeProvisioningTeam='0'>">
	<IDEDistributionContext: 0x7fc775a76b30; archive = "<IDEArchive: 0x60003d253f00>", distributionMethod="<IDEDistributionMethodDevelopmentSigned: 0x600017468360>", team="<IDEProvisioningDisambiguatableBasicTeam: 0x600002b68480; teamID='2HFB6JVCW6', teamName='Tubayo (U) Ltd', teamType='Company', username='tubayoios@gmail.com', isFreeProvisioningTeam='0'>">
	<IDEDistributionContext: 0x7fc775bd5ef0; archive = "<IDEArchive: 0x60003d253f00>", distributionMethod="<IDEDistributionMethodDevelopmentSigned: 0x600017468360>", team="<IDEProvisioningDisambiguatableBasicTeam: 0x600002b68480; teamID='2HFB6JVCW6', teamName='Tubayo (U) Ltd', teamType='Company', username='tubayoios@gmail.com', isFreeProvisioningTeam='0'>">
	<IDEDistributionContext: 0x7fc775a24080; archive = "<IDEArchive: 0x60003d253f00>", distributionMethod="<IDEDistributionMethodDevelopmentSigned: 0x600017468360>", team="<IDEProvisioningDisambiguatableBasicTeam: 0x600002b68480; teamID='2HFB6JVCW6', teamName='Tubayo (U) Ltd', teamType='Company', username='tubayoios@gmail.com', isFreeProvisioningTeam='0'>">
	<IDEDistributionContext: 0x7fc778c39c90; archive = "<IDEArchive: 0x60003d253f00>", distributionMethod="<IDEDistributionMethodDevelopmentSigned: 0x600017468360>", team="(null)">
	<IDEDistributionContext: 0x7fc778cb3520; archive = "<IDEArchive: 0x60003d253f00>", distributionMethod="<IDEDistributionMethodDevelopmentSigned: 0x600017468360>", team="(null)">
	<IDEDistributionContext: 0x7fc778ce4430; archive = "<IDEArchive: 0x60003d253f00>", distributionMethod="<IDEDistributionMethodDevelopmentSigned: 0x600017468360>", team="(null)">
	<IDEDistributionContext: 0x7fc77cacdc30; archive = "<IDEArchive: 0x60003d253f00>", distributionMethod="<IDEDistributionMethodDevelopmentSigned: 0x600017468360>", team="(null)">
	<IDEDistributionContext: 0x7fc778cb5f90; archive = "<IDEArchive: 0x60003d253f00>", distributionMethod="(null)", team="(null)">
</IDEDistributionProcessingPipelineContext: 0x7fc77abc4dc0>
2023-12-24 10:49:42 +0000  Processing step: IDEDistributionCreateDestRootStep
2023-12-24 10:49:42 +0000  Processing step: IDEDistributionCopyItemStep
2023-12-24 10:49:42 +0000  Running /usr/bin/ditto '-V' '/Users/user/Library/Developer/Xcode/Archives/2023-12-24/app_tubayo 24-12-2023, 13.48.xcarchive/Products/Applications/app_tubayo.app' '/var/folders/wn/w8kf46y936l3v6vtjx8r79400000gn/T/XcodeDistPipeline.~~~mPhdoy/Root/Payload/app_tubayo.app'
2023-12-24 10:49:42 +0000  >>> Copying /Users/user/Library/Developer/Xcode/Archives/2023-12-24/app_tubayo 24-12-2023, 13.48.xcarchive/Products/Applications/app_tubayo.app 
2023-12-24 10:49:42 +0000  copying file ./_CodeSignature/CodeResources ... 
2023-12-24 10:49:42 +0000  194699 bytes for ./_CodeSignature/CodeResources
copying file ./Fontisto.ttf ... 
2023-12-24 10:49:42 +0000  313528 bytes for ./Fontisto.ttf
copying file ./Octicons.ttf ... 
2023-12-24 10:49:42 +0000  28364 bytes for ./Octicons.ttf
copying file ./Roboto-Medium.ttf ... 
2023-12-24 10:49:42 +0000  137308 bytes for ./Roboto-Medium.ttf
2023-12-24 10:49:42 +0000  copying file ./Feather.ttf ... 
2023-12-24 10:49:42 +0000  58272 bytes for ./Feather.ttf
copying file ./Roboto-Light.ttf ... 
2023-12-24 10:49:42 +0000  140276 bytes for ./Roboto-Light.ttf
2023-12-24 10:49:42 +0000  copying file ./AppIcon20x20@2x.png ... 
2023-12-24 10:49:42 +0000  1979 bytes for ./AppIcon20x20@2x.png
copying file ./ComodoCaLimitedRsaCertificationAuthority.der ... 
2023-12-24 10:49:42 +0000  1548 bytes for ./ComodoCaLimitedRsaCertificationAuthority.der
copying file ./Entypo.ttf ... 
2023-12-24 10:49:42 +0000  65584 bytes for ./Entypo.ttf
copying file ./Poppins-ExtraLight.ttf ... 
2023-12-24 10:49:42 +0000  161404 bytes for ./Poppins-ExtraLight.ttf
2023-12-24 10:49:42 +0000  copying file ./RobotoCondensed-Bold.ttf ... 
2023-12-24 10:49:42 +0000  141796 bytes for ./RobotoCondensed-Bold.ttf
copying file ./Poppins-ThinItalic.ttf ... 
2023-12-24 10:49:42 +0000  186992 bytes for ./Poppins-ThinItalic.ttf
copying file ./AppIcon20x20@3x.png ... 
2758 bytes for ./AppIcon20x20@3x.png
copying file ./GoogleMaps.bundle/bubble_left@3x.png ... 
2386 bytes for ./GoogleMaps.bundle/bubble_left@3x.png
copying file ./GoogleMaps.bundle/bubble_left.png ... 
451 bytes for ./GoogleMaps.bundle/bubble_left.png
copying file ./GoogleMaps.bundle/bubble_left@2x.png ... 
1055 bytes for ./GoogleMaps.bundle/bubble_left@2x.png
copying file ./GoogleMaps.bundle/bubble_right@3x.png ... 
2374 bytes for ./GoogleMaps.bundle/bubble_right@3x.png
copying file ./GoogleMaps.bundle/ic_error.png ... 
2023-12-24 10:49:42 +0000  236 bytes for ./GoogleMaps.bundle/ic_error.png
copying file ./GoogleMaps.bundle/bubble_right@2x.png ... 
1051 bytes for ./GoogleMaps.bundle/bubble_right@2x.png
2023-12-24 10:49:42 +0000  copying file ./GoogleMaps.bundle/GMSCoreResources.bundle/de.lproj/GMSCore.strings ... 
3571 bytes for ./GoogleMaps.bundle/GMSCoreResources.bundle/de.lproj/GMSCore.strings
2023-12-24 10:49:42 +0000  copying file ./GoogleMaps.bundle/GMSCoreResources.bundle/he.lproj/GMSCore.strings ... 
2023-12-24 10:49:42 +0000  3684 bytes for ./GoogleMaps.bundle/GMSCoreResources.bundle/he.lproj/GMSCore.strings
copying file ./GoogleMaps.bundle/GMSCoreResources.bundle/en_AU.lproj/GMSCore.strings ... 
2023-12-24 10:49:42 +0000  3340 bytes for ./GoogleMaps.bundle/GMSCoreResources.bundle/en_AU.lproj/GMSCore.strings
2023-12-24 10:49:42 +0000  copying file ./GoogleMaps.bundle/GMSCoreResources.bundle/ar.lproj/GMSCore.strings ... 
2023-12-24 10:49:42 +0000  4459 bytes for ./GoogleMaps.bundle/GMSCoreResources.bundle/ar.lproj/GMSCore.strings
2023-12-24 10:49:42 +0000  copying file ./GoogleMaps.bundle/GMSCoreResources.bundle/el.lproj/GMSCore.strings ... 
2023-12-24 10:49:42 +0000  3947 bytes for ./GoogleMaps.bundle/GMSCoreResources.bundle/el.lproj/GMSCore.strings
2023-12-24 10:49:42 +0000  copying file ./GoogleMaps.bundle/GMSCoreResources.bundle/ja.lproj/GMSCore.strings ... 
2023-12-24 10:49:42 +0000  3138 bytes for ./GoogleMaps.bundle/GMSCoreResources.bundle/ja.lproj/GMSCore.strings
copying file ./GoogleMaps.bundle/GMSCoreResources.bundle/ic_qu_direction_mylocation@2x.png ... 
2023-12-24 10:49:42 +0000  663 bytes for ./GoogleMaps.bundle/GMSCoreResources.bundle/ic_qu_direction_mylocation@2x.png
copying file ./GoogleMaps.bundle/GMSCoreResources.bundle/en.lproj/GMSCore.strings ... 
2023-12-24 10:49:42 +0000  3323 bytes for ./GoogleMaps.bundle/GMSCoreResources.bundle/en.lproj/GMSCore.strings
2023-12-24 10:49:42 +0000  copying file ./GoogleMaps.bundle/GMSCoreResources.bundle/uk.lproj/GMSCore.strings ... 
2023-12-24 10:49:42 +0000  4204 bytes for ./GoogleMaps.bundle/GMSCoreResources.bundle/uk.lproj/GMSCore.strings
2023-12-24 10:49:42 +0000  copying file ./GoogleMaps.bundle/GMSCoreResources.bundle/ic_qu_direction_mylocation.png ... 
2023-12-24 10:49:42 +0000  362 bytes for ./GoogleMaps.bundle/GMSCoreResources.bundle/ic_qu_direction_mylocation.png
2023-12-24 10:49:42 +0000  copying file ./GoogleMaps.bundle/GMSCoreResources.bundle/es_419.lproj/GMSCore.strings ... 
2023-12-24 10:49:42 +0000  3619 bytes for ./GoogleMaps.bundle/GMSCoreResources.bundle/es_419.lproj/GMSCore.strings
copying file ./GoogleMaps.bundle/GMSCoreResources.bundle/GMSSprites-0-1x.png ... 
2023-12-24 10:49:42 +0000  10597 bytes for ./GoogleMaps.bundle/GMSCoreResources.bundle/GMSSprites-0-1x.png
copying file ./GoogleMaps.bundle/GMSCoreResources.bundle/ic_compass_needle_large@2x.png ... 
2023-12-24 10:49:42 +0000  2446 bytes for ./GoogleMaps.bundle/GMSCoreResources.bundle/ic_compass_needle_large@2x.png
2023-12-24 10:49:42 +0000  copying file ./GoogleMaps.bundle/GMSCoreResources.bundle/ic_compass_needle_large@3x.png ... 
2023-12-24 10:49:42 +0000  3304 bytes for ./GoogleMaps.bundle/GMSCoreResources.bundle/ic_compass_needle_large@3x.png
2023-12-24 10:49:42 +0000  copying file ./GoogleMaps.bundle/GMSCoreResources.bundle/es_MX.lproj/GMSCore.strings ... 
2023-12-24 10:49:42 +0000  3619 bytes for ./GoogleMaps.bundle/GMSCoreResources.bundle/es_MX.lproj/GMSCore.strings
2023-12-24 10:49:42 +0000  copying file ./GoogleMaps.bundle/GMSCoreResources.bundle/ic_compass_needle_large.png ... 
2023-12-24 10:49:42 +0000  1114 bytes for ./GoogleMaps.bundle/GMSCoreResources.bundle/ic_compass_needle_large.png
copying file ./GoogleMaps.bundle/GMSCoreResources.bundle/zh_CN.lproj/GMSCore.strings ... 
2023-12-24 10:49:42 +0000  3114 bytes for ./GoogleMaps.bundle/GMSCoreResources.bundle/zh_CN.lproj/GMSCore.strings
2023-12-24 10:49:42 +0000  copying file ./GoogleMaps.bundle/GMSCoreResources.bundle/ic_qu_direction_mylocation@3x.png ... 
2023-12-24 10:49:42 +0000  1240 bytes for ./GoogleMaps.bundle/GMSCoreResources.bundle/ic_qu_direction_mylocation@3x.png
copying file ./GoogleMaps.bundle/GMSCoreResources.bundle/DroidSansMerged-Regular.ttf ... 
2023-12-24 10:49:42 +0000  392092 bytes for ./GoogleMaps.bundle/GMSCoreResources.bundle/DroidSansMerged-Regular.ttf
2023-12-24 10:49:42 +0000  copying file ./GoogleMaps.bundle/GMSCoreResources.bundle/nb.lproj/GMSCore.strings ... 
2023-12-24 10:49:42 +0000  3497 bytes for ./GoogleMaps.bundle/GMSCoreResources.bundle/nb.lproj/GMSCore.strings
2023-12-24 10:49:42 +0000  copying file ./GoogleMaps.bundle/GMSCoreResources.bundle/es.lproj/GMSCore.strings ... 
2023-12-24 10:49:42 +0000  3620 bytes for ./GoogleMaps.bundle/GMSCoreResources.bundle/es.lproj/GMSCore.strings
copying file ./GoogleMaps.bundle/GMSCoreResources.bundle/pt_BR.lproj/GMSCore.strings ... 
3668 bytes for ./GoogleMaps.bundle/GMSCoreResources.bundle/pt_BR.lproj/GMSCore.strings
2023-12-24 10:49:42 +0000  copying file ./GoogleMaps.bundle/GMSCoreResources.bundle/da.lproj/GMSCore.strings ... 
2023-12-24 10:49:42 +0000  3584 bytes for ./GoogleMaps.bundle/GMSCoreResources.bundle/da.lproj/GMSCore.strings
2023-12-24 10:49:43 +0000  copying file ./GoogleMaps.bundle/GMSCoreResources.bundle/ic_location_off@3x.png ... 
2023-12-24 10:49:43 +0000  1577 bytes for ./GoogleMaps.bundle/GMSCoreResources.bundle/ic_location_off@3x.png
2023-12-24 10:49:43 +0000  copying file ./GoogleMaps.bundle/GMSCoreResources.bundle/it.lproj/GMSCore.strings ... 
2023-12-24 10:49:43 +0000  3395 bytes for ./GoogleMaps.bundle/GMSCoreResources.bundle/it.lproj/GMSCore.strings
2023-12-24 10:49:43 +0000  copying file ./GoogleMaps.bundle/GMSCoreResources.bundle/sk.lproj/GMSCore.strings ... 
2023-12-24 10:49:43 +0000  3679 bytes for ./GoogleMaps.bundle/GMSCoreResources.bundle/sk.lproj/GMSCore.strings
2023-12-24 10:49:43 +0000  copying file ./GoogleMaps.bundle/GMSCoreResources.bundle/GMSNavSprites-0-3x.png ... 
2023-12-24 10:49:43 +0000  20924 bytes for ./GoogleMaps.bundle/GMSCoreResources.bundle/GMSNavSprites-0-3x.png
2023-12-24 10:49:43 +0000  copying file ./GoogleMaps.bundle/GMSCoreResources.bundle/pt_PT.lproj/GMSCore.strings ... 
2023-12-24 10:49:43 +0000  3651 bytes for ./GoogleMaps.bundle/GMSCoreResources.bundle/pt_PT.lproj/GMSCore.strings
copying file ./GoogleMaps.bundle/GMSCoreResources.bundle/button_compass_night.png ... 
2023-12-24 10:49:43 +0000  720 bytes for ./GoogleMaps.bundle/GMSCoreResources.bundle/button_compass_night.png
2023-12-24 10:49:43 +0000  copying file ./GoogleMaps.bundle/GMSCoreResources.bundle/button_my_location.png ... 
2023-12-24 10:49:43 +0000  492 bytes for ./GoogleMaps.bundle/GMSCoreResources.bundle/button_my_location.png
copying file ./GoogleMaps.bundle/GMSCoreResources.bundle/road_16-4.png ... 
2023-12-24 10:49:43 +0000  127 bytes for ./GoogleMaps.bundle/GMSCoreResources.bundle/road_16-4.png
copying file ./GoogleMaps.bundle/GMSCoreResources.bundle/ms.lproj/GMSCore.strings ... 
3279 bytes for ./GoogleMaps.bundle/GMSCoreResources.bundle/ms.lproj/GMSCore.strings
copying file ./GoogleMaps.bundle/GMSCoreResources.bundle/road_256-64.png ... 
2023-12-24 10:49:43 +0000  1934 bytes for ./GoogleMaps.bundle/GMSCoreResources.bundle/road_256-64.png
copying file ./GoogleMaps.bundle/GMSCoreResources.bundle/button_compass.png ... 
2023-12-24 10:49:43 +0000  631 bytes for ./GoogleMaps.bundle/GMSCoreResources.bundle/button_compass.png
copying file ./GoogleMaps.bundle/GMSCoreResources.bundle/sv.lproj/GMSCore.strings ... 
2023-12-24 10:49:43 +0000  3717 bytes for ./GoogleMaps.bundle/GMSCoreResources.bundle/sv.lproj/GMSCore.strings
copying file ./GoogleMaps.bundle/GMSCoreResources.bundle/road_8-2.png ... 
2023-12-24 10:49:43 +0000  93 bytes for ./GoogleMaps.bundle/GMSCoreResources.bundle/road_8-2.png
copying file ./GoogleMaps.bundle/GMSCoreResources.bundle/cs.lproj/GMSCore.strings ... 
2023-12-24 10:49:43 +0000  3914 bytes for ./GoogleMaps.bundle/GMSCoreResources.bundle/cs.lproj/GMSCore.strings
copying file ./GoogleMaps.bundle/GMSCoreResources.bundle/button_background.png ... 
2023-12-24 10:49:43 +0000  334 bytes for ./GoogleMaps.bundle/GMSCoreResources.bundle/button_background.png
copying file ./GoogleMaps.bundle/GMSCoreResources.bundle/GMSNavNightModeSprites-0-1x.png ... 
2023-12-24 10:49:43 +0000  3393 bytes for ./GoogleMaps.bundle/GMSCoreResources.bundle/GMSNavNightModeSprites-0-1x.png
2023-12-24 10:49:43 +0000  copying file ./GoogleMaps.bundle/GMSCoreResources.bundle/button_my_location@2x.png ... 
1229 bytes for ./GoogleMaps.bundle/GMSCoreResources.bundle/button_my_location@2x.png
2023-12-24 10:49:43 +0000  copying file ./GoogleMaps.bundle/GMSCoreResources.bundle/en_IN.lproj/GMSCore.strings ... 
2023-12-24 10:49:43 +0000  3340 bytes for ./GoogleMaps.bundle/GMSCoreResources.bundle/en_IN.lproj/GMSCore.strings
2023-12-24 10:49:43 +0000  copying file ./GoogleMaps.bundle/GMSCoreResources.bundle/ko.lproj/GMSCore.strings ... 
2023-12-24 10:49:43 +0000  3184 bytes for ./GoogleMaps.bundle/GMSCoreResources.bundle/ko.lproj/GMSCore.strings
copying file ./GoogleMaps.bundle/GMSCoreResources.bundle/GMSNavSprites-0-2x.png ... 
2023-12-24 10:49:43 +0000  13321 bytes for ./GoogleMaps.bundle/GMSCoreResources.bundle/GMSNavSprites-0-2x.png
2023-12-24 10:49:43 +0000  copying file ./GoogleMaps.bundle/GMSCoreResources.bundle/ic_location_off@2x.png ... 
2023-12-24 10:49:43 +0000  860 bytes for ./GoogleMaps.bundle/GMSCoreResources.bundle/ic_location_off@2x.png
2023-12-24 10:49:43 +0000  copying file ./GoogleMaps.bundle/GMSCoreResources.bundle/GMSNavSprites-0-1x.png ... 
2023-12-24 10:49:43 +0000  5684 bytes for ./GoogleMaps.bundle/GMSCoreResources.bundle/GMSNavSprites-0-1x.png
2023-12-24 10:49:43 +0000  copying file ./GoogleMaps.bundle/GMSCoreResources.bundle/Tharlon-Regular.ttf ... 
2023-12-24 10:49:43 +0000  353228 bytes for ./GoogleMaps.bundle/GMSCoreResources.bundle/Tharlon-Regular.ttf
2023-12-24 10:49:43 +0000  copying file ./GoogleMaps.bundle/GMSCoreResources.bundle/hu.lproj/GMSCore.strings ... 
2023-12-24 10:49:43 +0000  3454 bytes for ./GoogleMaps.bundle/GMSCoreResources.bundle/hu.lproj/GMSCore.strings
2023-12-24 10:49:43 +0000  copying file ./GoogleMaps.bundle/GMSCoreResources.bundle/zh_HK.lproj/GMSCore.strings ... 
2023-12-24 10:49:43 +0000  3112 bytes for ./GoogleMaps.bundle/GMSCoreResources.bundle/zh_HK.lproj/GMSCore.strings
2023-12-24 10:49:43 +0000  copying file ./GoogleMaps.bundle/GMSCoreResources.bundle/road_4-1.png ... 
2023-12-24 10:49:43 +0000  74 bytes for ./GoogleMaps.bundle/GMSCoreResources.bundle/road_4-1.png
2023-12-24 10:49:43 +0000  copying file ./GoogleMaps.bundle/GMSCoreResources.bundle/button_background@2x.png ... 
2023-12-24 10:49:43 +0000  433 bytes for ./GoogleMaps.bundle/GMSCoreResources.bundle/button_background@2x.png
copying file ./GoogleMaps.bundle/GMSCoreResources.bundle/ic_compass_needle@2x.png ... 
2023-12-24 10:49:43 +0000  992 bytes for ./GoogleMaps.bundle/GMSCoreResources.bundle/ic_compass_needle@2x.png
copying file ./GoogleMaps.bundle/GMSCoreResources.bundle/Assets.car ... 
2023-12-24 10:49:43 +0000  73656 bytes for ./GoogleMaps.bundle/GMSCoreResources.bundle/Assets.car
2023-12-24 10:49:43 +0000  copying file ./GoogleMaps.bundle/GMSCoreResources.bundle/tr.lproj/GMSCore.strings ... 
2023-12-24 10:49:43 +0000  3455 bytes for ./GoogleMaps.bundle/GMSCoreResources.bundle/tr.lproj/GMSCore.strings
copying file ./GoogleMaps.bundle/GMSCoreResources.bundle/pl.lproj/GMSCore.strings ... 
2023-12-24 10:49:43 +0000  3745 bytes for ./GoogleMaps.bundle/GMSCoreResources.bundle/pl.lproj/GMSCore.strings
2023-12-24 10:49:43 +0000  copying file ./GoogleMaps.bundle/GMSCoreResources.bundle/zh_TW.lproj/GMSCore.strings ... 
2023-12-24 10:49:43 +0000  3137 bytes for ./GoogleMaps.bundle/GMSCoreResources.bundle/zh_TW.lproj/GMSCore.strings
2023-12-24 10:49:43 +0000  copying file ./GoogleMaps.bundle/GMSCoreResources.bundle/GMSNavNightModeSprites-0-2x.png ... 
2023-12-24 10:49:43 +0000  7660 bytes for ./GoogleMaps.bundle/GMSCoreResources.bundle/GMSNavNightModeSprites-0-2x.png
2023-12-24 10:49:43 +0000  copying file ./GoogleMaps.bundle/GMSCoreResources.bundle/GMSNavNightModeSprites-0-3x.png ... 
2023-12-24 10:49:43 +0000  12519 bytes for ./GoogleMaps.bundle/GMSCoreResources.bundle/GMSNavNightModeSprites-0-3x.png
copying file ./GoogleMaps.bundle/GMSCoreResources.bundle/en_GB.lproj/GMSCore.strings ... 
2023-12-24 10:49:43 +0000  3340 bytes for ./GoogleMaps.bundle/GMSCoreResources.bundle/en_GB.lproj/GMSCore.strings
2023-12-24 10:49:43 +0000  copying file ./GoogleMaps.bundle/GMSCoreResources.bundle/dav_one_way_16_256.png ... 
2023-12-24 10:49:43 +0000  315 bytes for ./GoogleMaps.bundle/GMSCoreResources.bundle/dav_one_way_16_256.png
2023-12-24 10:49:43 +0000  copying file ./GoogleMaps.bundle/GMSCoreResources.bundle/road_2-1.png ... 
2023-12-24 10:49:43 +0000  84 bytes for ./GoogleMaps.bundle/GMSCoreResources.bundle/road_2-1.png
copying file ./GoogleMaps.bundle/GMSCoreResources.bundle/vi.lproj/GMSCore.strings ... 
2023-12-24 10:49:43 +0000  3510 bytes for ./GoogleMaps.bundle/GMSCoreResources.bundle/vi.lproj/GMSCore.strings
copying file ./GoogleMaps.bundle/GMSCoreResources.bundle/button_background@3x.png ... 
2023-12-24 10:49:43 +0000  515 bytes for ./GoogleMaps.bundle/GMSCoreResources.bundle/button_background@3x.png
2023-12-24 10:49:43 +0000  copying file ./GoogleMaps.bundle/GMSCoreResources.bundle/road_32-8.png ... 
2023-12-24 10:49:43 +0000  223 bytes for ./GoogleMaps.bundle/GMSCoreResources.bundle/road_32-8.png
copying file ./GoogleMaps.bundle/GMSCoreResources.bundle/lv.lproj/GMSCore.strings ... 
2023-12-24 10:49:43 +0000  3897 bytes for ./GoogleMaps.bundle/GMSCoreResources.bundle/lv.lproj/GMSCore.strings
2023-12-24 10:49:43 +0000  copying file ./GoogleMaps.bundle/GMSCoreResources.bundle/lt.lproj/GMSCore.strings ... 
2023-12-24 10:49:43 +0000  3601 bytes for ./GoogleMaps.bundle/GMSCoreResources.bundle/lt.lproj/GMSCore.strings
2023-12-24 10:49:43 +0000  copying file ./GoogleMaps.bundle/GMSCoreResources.bundle/ru.lproj/GMSCore.strings ... 
2023-12-24 10:49:43 +0000  4024 bytes for ./GoogleMaps.bundle/GMSCoreResources.bundle/ru.lproj/GMSCore.strings
2023-12-24 10:49:43 +0000  copying file ./GoogleMaps.bundle/GMSCoreResources.bundle/polyline_colors_texture_dim.png ... 
2023-12-24 10:49:43 +0000  7485 bytes for ./GoogleMaps.bundle/GMSCoreResources.bundle/polyline_colors_texture_dim.png
2023-12-24 10:49:43 +0000  copying file ./GoogleMaps.bundle/GMSCoreResources.bundle/fr_CA.lproj/GMSCore.strings ... 
2023-12-24 10:49:43 +0000  3604 bytes for ./GoogleMaps.bundle/GMSCoreResources.bundle/fr_CA.lproj/GMSCore.strings
2023-12-24 10:49:43 +0000  copying file ./GoogleMaps.bundle/GMSCoreResources.bundle/road_128-32.png ... 
2023-12-24 10:49:43 +0000  1029 bytes for ./GoogleMaps.bundle/GMSCoreResources.bundle/road_128-32.png
copying file ./GoogleMaps.bundle/GMSCoreResources.bundle/fr.lproj/GMSCore.strings ... 
3895 bytes for ./GoogleMaps.bundle/GMSCoreResources.bundle/fr.lproj/GMSCore.strings
2023-12-24 10:49:43 +0000  copying file ./GoogleMaps.bundle/GMSCoreResources.bundle/fi.lproj/GMSCore.strings ... 
2023-12-24 10:49:43 +0000  3527 bytes for ./GoogleMaps.bundle/GMSCoreResources.bundle/fi.lproj/GMSCore.strings
2023-12-24 10:49:43 +0000  copying file ./GoogleMaps.bundle/GMSCoreResources.bundle/id.lproj/GMSCore.strings ... 
2023-12-24 10:49:43 +0000  3261 bytes for ./GoogleMaps.bundle/GMSCoreResources.bundle/id.lproj/GMSCore.strings
2023-12-24 10:49:43 +0000  copying file ./GoogleMaps.bundle/GMSCoreResources.bundle/nl.lproj/GMSCore.strings ... 
2023-12-24 10:49:43 +0000  3421 bytes for ./GoogleMaps.bundle/GMSCoreResources.bundle/nl.lproj/GMSCore.strings
copying file ./GoogleMaps.bundle/GMSCoreResources.bundle/th.lproj/GMSCore.strings ... 
2023-12-24 10:49:43 +0000  3458 bytes for ./GoogleMaps.bundle/GMSCoreResources.bundle/th.lproj/GMSCore.strings
copying file ./GoogleMaps.bundle/GMSCoreResources.bundle/road_64-16.png ... 
425 bytes for ./GoogleMaps.bundle/GMSCoreResources.bundle/road_64-16.png
copying file ./GoogleMaps.bundle/GMSCoreResources.bundle/GMSSprites-0-3x.png ... 
2023-12-24 10:49:43 +0000  43676 bytes for ./GoogleMaps.bundle/GMSCoreResources.bundle/GMSSprites-0-3x.png
2023-12-24 10:49:43 +0000  copying file ./GoogleMaps.bundle/GMSCoreResources.bundle/polyline_colors_texture.png ... 
2023-12-24 10:49:43 +0000  7433 bytes for ./GoogleMaps.bundle/GMSCoreResources.bundle/polyline_colors_texture.png
copying file ./GoogleMaps.bundle/GMSCoreResources.bundle/ic_compass_needle.png ... 
2023-12-24 10:49:43 +0000  483 bytes for ./GoogleMaps.bundle/GMSCoreResources.bundle/ic_compass_needle.png
copying file ./GoogleMaps.bundle/GMSCoreResources.bundle/pt.lproj/GMSCore.strings ... 
2023-12-24 10:49:43 +0000  3668 bytes for ./GoogleMaps.bundle/GMSCoreResources.bundle/pt.lproj/GMSCore.strings
2023-12-24 10:49:43 +0000  copying file ./GoogleMaps.bundle/GMSCoreResources.bundle/road_1-1.png ... 
2023-12-24 10:49:43 +0000  95 bytes for ./GoogleMaps.bundle/GMSCoreResources.bundle/road_1-1.png
2023-12-24 10:49:43 +0000  copying file ./GoogleMaps.bundle/GMSCoreResources.bundle/ic_location_off.png ... 
2023-12-24 10:49:43 +0000  498 bytes for ./GoogleMaps.bundle/GMSCoreResources.bundle/ic_location_off.png
2023-12-24 10:49:43 +0000  copying file ./GoogleMaps.bundle/GMSCoreResources.bundle/ro.lproj/GMSCore.strings ... 
2023-12-24 10:49:43 +0000  3762 bytes for ./GoogleMaps.bundle/GMSCoreResources.bundle/ro.lproj/GMSCore.strings
2023-12-24 10:49:43 +0000  copying file ./GoogleMaps.bundle/GMSCoreResources.bundle/Info.plist ... 
2023-12-24 10:49:43 +0000  364 bytes for ./GoogleMaps.bundle/GMSCoreResources.bundle/Info.plist
2023-12-24 10:49:43 +0000  copying file ./GoogleMaps.bundle/GMSCoreResources.bundle/GMSSprites-0-2x.png ... 
2023-12-24 10:49:43 +0000  24703 bytes for ./GoogleMaps.bundle/GMSCoreResources.bundle/GMSSprites-0-2x.png
2023-12-24 10:49:43 +0000  copying file ./GoogleMaps.bundle/GMSCoreResources.bundle/button_compass_night@2x.png ... 
2023-12-24 10:49:43 +0000  2221 bytes for ./GoogleMaps.bundle/GMSCoreResources.bundle/button_compass_night@2x.png
2023-12-24 10:49:43 +0000  copying file ./GoogleMaps.bundle/GMSCoreResources.bundle/button_compass@2x.png ... 
2023-12-24 10:49:43 +0000  2560 bytes for ./GoogleMaps.bundle/GMSCoreResources.bundle/button_compass@2x.png
2023-12-24 10:49:43 +0000  copying file ./GoogleMaps.bundle/GMSCoreResources.bundle/hr.lproj/GMSCore.strings ... 
2023-12-24 10:49:43 +0000  3544 bytes for ./GoogleMaps.bundle/GMSCoreResources.bundle/hr.lproj/GMSCore.strings
2023-12-24 10:49:43 +0000  copying file ./GoogleMaps.bundle/GMSCoreResources.bundle/hi.lproj/GMSCore.strings ... 
2023-12-24 10:49:43 +0000  3516 bytes for ./GoogleMaps.bundle/GMSCoreResources.bundle/hi.lproj/GMSCore.strings
2023-12-24 10:49:43 +0000  copying file ./GoogleMaps.bundle/GMSCoreResources.bundle/ca.lproj/GMSCore.strings ... 
2023-12-24 10:49:43 +0000  3518 bytes for ./GoogleMaps.bundle/GMSCoreResources.bundle/ca.lproj/GMSCore.strings
2023-12-24 10:49:43 +0000  copying file ./GoogleMaps.bundle/default_marker.png ... 
2023-12-24 10:49:43 +0000  1379 bytes for ./GoogleMaps.bundle/default_marker.png
2023-12-24 10:49:43 +0000  copying file ./GoogleMaps.bundle/ic_error@3x.png ... 
2023-12-24 10:49:43 +0000  743 bytes for ./GoogleMaps.bundle/ic_error@3x.png
2023-12-24 10:49:43 +0000  copying file ./GoogleMaps.bundle/oss_licenses_maps.txt.gz ... 
2023-12-24 10:49:43 +0000  51475 bytes for ./GoogleMaps.bundle/oss_licenses_maps.txt.gz
2023-12-24 10:49:43 +0000  copying file ./GoogleMaps.bundle/bubble_right.png ... 
2023-12-24 10:49:43 +0000  455 bytes for ./GoogleMaps.bundle/bubble_right.png
2023-12-24 10:49:43 +0000  copying file ./GoogleMaps.bundle/default_marker@3x.png ... 
2023-12-24 10:49:43 +0000  4275 bytes for ./GoogleMaps.bundle/default_marker@3x.png
2023-12-24 10:49:43 +0000  copying file ./GoogleMaps.bundle/default_marker@2x.png ... 
2023-12-24 10:49:43 +0000  2815 bytes for ./GoogleMaps.bundle/default_marker@2x.png
2023-12-24 10:49:43 +0000  copying file ./GoogleMaps.bundle/ic_error@2x.png ... 
2023-12-24 10:49:43 +0000  454 bytes for ./GoogleMaps.bundle/ic_error@2x.png
2023-12-24 10:49:43 +0000  copying file ./GoogleMaps.bundle/GMSCacheStorage.momd/Storage.mom ... 
2023-12-24 10:49:43 +0000  4576 bytes for ./GoogleMaps.bundle/GMSCacheStorage.momd/Storage.mom
2023-12-24 10:49:43 +0000  copying file ./GoogleMaps.bundle/GMSCacheStorage.momd/VersionInfo.plist ... 
2023-12-24 10:49:43 +0000  1197 bytes for ./GoogleMaps.bundle/GMSCacheStorage.momd/VersionInfo.plist
2023-12-24 10:49:43 +0000  copying file ./GoogleMaps.bundle/GMSCacheStorage.momd/StorageWithTileProto.mom ... 
2023-12-24 10:49:43 +0000  5172 bytes for ./GoogleMaps.bundle/GMSCacheStorage.momd/StorageWithTileProto.mom
2023-12-24 10:49:43 +0000  copying file ./GoogleMaps.bundle/GMSCacheStorage.momd/StorageWithTileVersionID.mom ... 
2023-12-24 10:49:43 +0000  4682 bytes for ./GoogleMaps.bundle/GMSCacheStorage.momd/StorageWithTileVersionID.mom
2023-12-24 10:49:43 +0000  copying file ./GoogleMaps.bundle/GMSCacheStorage.momd/StorageWithTileProto.omo ... 
2023-12-24 10:49:43 +0000  11904 bytes for ./GoogleMaps.bundle/GMSCacheStorage.momd/StorageWithTileProto.omo
2023-12-24 10:49:43 +0000  copying file ./GoogleMaps.bundle/Info.plist ... 
2023-12-24 10:49:43 +0000  366 bytes for ./GoogleMaps.bundle/Info.plist
2023-12-24 10:49:43 +0000  copying file ./RobotoCondensed-Light.ttf ... 
2023-12-24 10:49:43 +0000  141384 bytes for ./RobotoCondensed-Light.ttf
2023-12-24 10:49:43 +0000  copying file ./QBImagePicker.bundle/de.lproj/QBImagePicker.strings ... 
2023-12-24 10:49:43 +0000  686 bytes for ./QBImagePicker.bundle/de.lproj/QBImagePicker.strings
2023-12-24 10:49:43 +0000  copying file ./QBImagePicker.bundle/zh-Hans.lproj/QBImagePicker.strings ... 
2023-12-24 10:49:43 +0000  738 bytes for ./QBImagePicker.bundle/zh-Hans.lproj/QBImagePicker.strings
2023-12-24 10:49:43 +0000  copying file ./QBImagePicker.bundle/ja.lproj/QBImagePicker.strings ... 
2023-12-24 10:49:43 +0000  764 bytes for ./QBImagePicker.bundle/ja.lproj/QBImagePicker.strings
copying file ./QBImagePicker.bundle/en.lproj/QBImagePicker.strings ... 
2023-12-24 10:49:43 +0000  681 bytes for ./QBImagePicker.bundle/en.lproj/QBImagePicker.strings
2023-12-24 10:49:43 +0000  copying file ./QBImagePicker.bundle/QBImagePicker.storyboardc/QiH-NZ-ZGN-view-sD2-zK-ryo.nib/runtime.nib ... 
2023-12-24 10:49:43 +0000  10216 bytes for ./QBImagePicker.bundle/QBImagePicker.storyboardc/QiH-NZ-ZGN-view-sD2-zK-ryo.nib/runtime.nib
copying file ./QBImagePicker.bundle/QBImagePicker.storyboardc/QiH-NZ-ZGN-view-sD2-zK-ryo.nib/objects-12.3+.nib ... 
2023-12-24 10:49:43 +0000  10443 bytes for ./QBImagePicker.bundle/QBImagePicker.storyboardc/QiH-NZ-ZGN-view-sD2-zK-ryo.nib/objects-12.3+.nib
2023-12-24 10:49:43 +0000  copying file ./QBImagePicker.bundle/QBImagePicker.storyboardc/QBAlbumsViewController.nib/runtime.nib ... 
2023-12-24 10:49:43 +0000  1800 bytes for ./QBImagePicker.bundle/QBImagePicker.storyboardc/QBAlbumsViewController.nib/runtime.nib
copying file ./QBImagePicker.bundle/QBImagePicker.storyboardc/QBAlbumsViewController.nib/objects-12.3+.nib ... 
2023-12-24 10:49:43 +0000  1800 bytes for ./QBImagePicker.bundle/QBImagePicker.storyboardc/QBAlbumsViewController.nib/objects-12.3+.nib
2023-12-24 10:49:43 +0000  copying file ./QBImagePicker.bundle/QBImagePicker.storyboardc/QBAssetsViewController.nib/runtime.nib ... 
2023-12-24 10:49:43 +0000  1393 bytes for ./QBImagePicker.bundle/QBImagePicker.storyboardc/QBAssetsViewController.nib/runtime.nib
copying file ./QBImagePicker.bundle/QBImagePicker.storyboardc/QBAssetsViewController.nib/objects-12.3+.nib ... 
2023-12-24 10:49:43 +0000  1393 bytes for ./QBImagePicker.bundle/QBImagePicker.storyboardc/QBAssetsViewController.nib/objects-12.3+.nib
2023-12-24 10:49:43 +0000  copying file ./QBImagePicker.bundle/QBImagePicker.storyboardc/QL5-wR-LYt-view-66K-TS-Yoc.nib/runtime.nib ... 
2023-12-24 10:49:43 +0000  7161 bytes for ./QBImagePicker.bundle/QBImagePicker.storyboardc/QL5-wR-LYt-view-66K-TS-Yoc.nib/runtime.nib
copying file ./QBImagePicker.bundle/QBImagePicker.storyboardc/QL5-wR-LYt-view-66K-TS-Yoc.nib/objects-12.3+.nib ... 
2023-12-24 10:49:43 +0000  7161 bytes for ./QBImagePicker.bundle/QBImagePicker.storyboardc/QL5-wR-LYt-view-66K-TS-Yoc.nib/objects-12.3+.nib
copying file ./QBImagePicker.bundle/QBImagePicker.storyboardc/QBAlbumsNavigationController.nib/runtime.nib ... 
2023-12-24 10:49:43 +0000  2631 bytes for ./QBImagePicker.bundle/QBImagePicker.storyboardc/QBAlbumsNavigationController.nib/runtime.nib
2023-12-24 10:49:43 +0000  copying file ./QBImagePicker.bundle/QBImagePicker.storyboardc/QBAlbumsNavigationController.nib/objects-12.3+.nib ... 
2023-12-24 10:49:43 +0000  2631 bytes for ./QBImagePicker.bundle/QBImagePicker.storyboardc/QBAlbumsNavigationController.nib/objects-12.3+.nib
copying file ./QBImagePicker.bundle/QBImagePicker.storyboardc/Info.plist ... 
2023-12-24 10:49:43 +0000  289 bytes for ./QBImagePicker.bundle/QBImagePicker.storyboardc/Info.plist
2023-12-24 10:49:43 +0000  copying file ./QBImagePicker.bundle/es.lproj/QBImagePicker.strings ... 
2023-12-24 10:49:43 +0000  685 bytes for ./QBImagePicker.bundle/es.lproj/QBImagePicker.strings
copying file ./QBImagePicker.bundle/pl.lproj/QBImagePicker.strings ... 
2023-12-24 10:49:43 +0000  702 bytes for ./QBImagePicker.bundle/pl.lproj/QBImagePicker.strings
2023-12-24 10:49:43 +0000  copying file ./QBImagePicker.bundle/fr.lproj/QBImagePicker.strings ... 
2023-12-24 10:49:43 +0000  702 bytes for ./QBImagePicker.bundle/fr.lproj/QBImagePicker.strings
2023-12-24 10:49:43 +0000  copying file ./QBImagePicker.bundle/Info.plist ... 
2023-12-24 10:49:43 +0000  773 bytes for ./QBImagePicker.bundle/Info.plist
2023-12-24 10:49:43 +0000  copying file ./Poppins-ExtraLightItalic.ttf ... 
2023-12-24 10:49:43 +0000  186124 bytes for ./Poppins-ExtraLightItalic.ttf
2023-12-24 10:49:43 +0000  copying file ./Poppins-BoldItalic.ttf ... 
2023-12-24 10:49:43 +0000  176552 bytes for ./Poppins-BoldItalic.ttf
2023-12-24 10:49:43 +0000  copying file ./FontAwesome5_Brands.ttf ... 
2023-12-24 10:49:43 +0000  132728 bytes for ./FontAwesome5_Brands.ttf
copying file ./Poppins-Light.ttf ... 
2023-12-24 10:49:43 +0000  159848 bytes for ./Poppins-Light.ttf
2023-12-24 10:49:43 +0000  copying file ./MaterialCommunityIcons.ttf ... 
2023-12-24 10:49:43 +0000  899432 bytes for ./MaterialCommunityIcons.ttf
copying file ./Poppins-Medium.ttf ... 
2023-12-24 10:49:43 +0000  156480 bytes for ./Poppins-Medium.ttf
copying file ./Roboto-Regular.ttf ... 
2023-12-24 10:49:43 +0000  145348 bytes for ./Roboto-Regular.ttf
2023-12-24 10:49:43 +0000  copying file ./api.amplitude.com.der ... 
2023-12-24 10:49:43 +0000  1369 bytes for ./api.amplitude.com.der
copying file ./app_tubayo ... 
2023-12-24 10:49:43 +0000  16282320 bytes for ./app_tubayo
copying file ./Roboto-MediumItalic.ttf ... 
2023-12-24 10:49:43 +0000  147876 bytes for ./Roboto-MediumItalic.ttf
copying file ./AppIcon60x60@2x.png ... 
2023-12-24 10:49:43 +0000  7316 bytes for ./AppIcon60x60@2x.png
2023-12-24 10:49:43 +0000  copying file ./IQKeyboardManager.bundle/de.lproj/IQKeyboardManager.strings ... 
2023-12-24 10:49:43 +0000  489 bytes for ./IQKeyboardManager.bundle/de.lproj/IQKeyboardManager.strings
2023-12-24 10:49:43 +0000  copying file ./IQKeyboardManager.bundle/zh-Hans/IQKeyboardManager.strings ... 
2023-12-24 10:49:43 +0000  479 bytes for ./IQKeyboardManager.bundle/zh-Hans/IQKeyboardManager.strings
2023-12-24 10:49:43 +0000  copying file ./IQKeyboardManager.bundle/zh-Hant/IQKeyboardManager.strings ... 
2023-12-24 10:49:43 +0000  479 bytes for ./IQKeyboardManager.bundle/zh-Hant/IQKeyboardManager.strings
2023-12-24 10:49:43 +0000  copying file ./IQKeyboardManager.bundle/en.lproj/IQKeyboardManager.strings ... 
2023-12-24 10:49:43 +0000  474 bytes for ./IQKeyboardManager.bundle/en.lproj/IQKeyboardManager.strings
copying file ./IQKeyboardManager.bundle/es.lproj/IQKeyboardManager.strings ... 
2023-12-24 10:49:43 +0000  496 bytes for ./IQKeyboardManager.bundle/es.lproj/IQKeyboardManager.strings
copying file ./IQKeyboardManager.bundle/IQButtonBarArrowRight@2x.png ... 
2023-12-24 10:49:43 +0000  1786 bytes for ./IQKeyboardManager.bundle/IQButtonBarArrowRight@2x.png
copying file ./IQKeyboardManager.bundle/IQButtonBarArrowUp@3x.png ... 
2023-12-24 10:49:43 +0000  2164 bytes for ./IQKeyboardManager.bundle/IQButtonBarArrowUp@3x.png
copying file ./IQKeyboardManager.bundle/IQButtonBarArrowUp@2x.png ... 
2023-12-24 10:49:43 +0000  1769 bytes for ./IQKeyboardManager.bundle/IQButtonBarArrowUp@2x.png
2023-12-24 10:49:43 +0000  copying file ./IQKeyboardManager.bundle/IQButtonBarArrowRight@3x.png ... 
2023-12-24 10:49:43 +0000  1844 bytes for ./IQKeyboardManager.bundle/IQButtonBarArrowRight@3x.png
2023-12-24 10:49:43 +0000  copying file ./IQKeyboardManager.bundle/IQButtonBarArrowLeft@3x.png ... 
2023-12-24 10:49:43 +0000  1815 bytes for ./IQKeyboardManager.bundle/IQButtonBarArrowLeft@3x.png
copying file ./IQKeyboardManager.bundle/fr.lproj/IQKeyboardManager.strings ... 
2023-12-24 10:49:43 +0000  497 bytes for ./IQKeyboardManager.bundle/fr.lproj/IQKeyboardManager.strings
2023-12-24 10:49:43 +0000  copying file ./IQKeyboardManager.bundle/IQButtonBarArrowDown@3x.png ... 
2023-12-24 10:49:43 +0000  2177 bytes for ./IQKeyboardManager.bundle/IQButtonBarArrowDown@3x.png
copying file ./IQKeyboardManager.bundle/IQButtonBarArrowDown@2x.png ... 
2023-12-24 10:49:43 +0000  1764 bytes for ./IQKeyboardManager.bundle/IQButtonBarArrowDown@2x.png
copying file ./IQKeyboardManager.bundle/IQButtonBarArrowLeft@2x.png ... 
2023-12-24 10:49:43 +0000  1793 bytes for ./IQKeyboardManager.bundle/IQButtonBarArrowLeft@2x.png
copying file ./AppIcon29x29@2x.png ... 
2023-12-24 10:49:43 +0000  2591 bytes for ./AppIcon29x29@2x.png
copying file ./AntDesign.ttf ... 
2023-12-24 10:49:43 +0000  70344 bytes for ./AntDesign.ttf
copying file ./RobotoCondensed-Italic.ttf ... 
2023-12-24 10:49:43 +0000  144404 bytes for ./RobotoCondensed-Italic.ttf
copying file ./Launch Screen.storyboardc/01J-lp-oVM-view-Ze5-6b-2t3.nib ... 
2023-12-24 10:49:43 +0000  2537 bytes for ./Launch Screen.storyboardc/01J-lp-oVM-view-Ze5-6b-2t3.nib
2023-12-24 10:49:43 +0000  copying file ./Launch Screen.storyboardc/UIViewController-01J-lp-oVM.nib ... 
2023-12-24 10:49:43 +0000  896 bytes for ./Launch Screen.storyboardc/UIViewController-01J-lp-oVM.nib
copying file ./Launch Screen.storyboardc/Info.plist ... 
2023-12-24 10:49:43 +0000  258 bytes for ./Launch Screen.storyboardc/Info.plist
copying file ./AppIcon40x40@3x.png ... 
2023-12-24 10:49:43 +0000  7316 bytes for ./AppIcon40x40@3x.png
copying file ./ComodoRsaDomainValidationCA.der ... 
2023-12-24 10:49:43 +0000  1548 bytes for ./ComodoRsaDomainValidationCA.der
copying file ./RobotoCondensed-BoldItalic.ttf ... 
2023-12-24 10:49:43 +0000  145256 bytes for ./RobotoCondensed-BoldItalic.ttf
copying file ./Foundation.ttf ... 
2023-12-24 10:49:43 +0000  56976 bytes for ./Foundation.ttf
copying file ./Ionicons.ttf ... 
2023-12-24 10:49:43 +0000  247192 bytes for ./Ionicons.ttf
copying file ./FontAwesome5_solid.ttf ... 
2023-12-24 10:49:43 +0000  202616 bytes for ./FontAwesome5_solid.ttf
2023-12-24 10:49:43 +0000  copying file ./Poppins-SemiBoldItalic.ttf ... 
2023-12-24 10:49:43 +0000  178548 bytes for ./Poppins-SemiBoldItalic.ttf
copying file ./AppIcon40x40@2x.png ... 
2023-12-24 10:49:43 +0000  4988 bytes for ./AppIcon40x40@2x.png
copying file ./FontAwesome5_Regular.ttf ... 
2023-12-24 10:49:43 +0000  34092 bytes for ./FontAwesome5_Regular.ttf
copying file ./AppIcon29x29@3x.png ... 
2023-12-24 10:49:43 +0000  5721 bytes for ./AppIcon29x29@3x.png
2023-12-24 10:49:43 +0000  copying file ./AccessibilityResources.bundle/en.lproj/Localizable.strings ... 
2023-12-24 10:49:43 +0000  518 bytes for ./AccessibilityResources.bundle/en.lproj/Localizable.strings
2023-12-24 10:49:43 +0000  copying file ./AccessibilityResources.bundle/Info.plist ... 
2023-12-24 10:49:43 +0000  793 bytes for ./AccessibilityResources.bundle/Info.plist
copying file ./GoogleService-Info.plist ... 
2023-12-24 10:49:43 +0000  843 bytes for ./GoogleService-Info.plist
2023-12-24 10:49:43 +0000  copying file ./FacebookSDKStrings.bundle/Resources/de.lproj/FacebookSDK.strings ... 
2023-12-24 10:49:43 +0000  5174 bytes for ./FacebookSDKStrings.bundle/Resources/de.lproj/FacebookSDK.strings
copying file ./FacebookSDKStrings.bundle/Resources/he.lproj/FacebookSDK.strings ... 
2023-12-24 10:49:43 +0000  5282 bytes for ./FacebookSDKStrings.bundle/Resources/he.lproj/FacebookSDK.strings
2023-12-24 10:49:43 +0000  copying file ./FacebookSDKStrings.bundle/Resources/ar.lproj/FacebookSDK.strings ... 
2023-12-24 10:49:43 +0000  5603 bytes for ./FacebookSDKStrings.bundle/Resources/ar.lproj/FacebookSDK.strings
copying file ./FacebookSDKStrings.bundle/Resources/el.lproj/FacebookSDK.strings ... 
2023-12-24 10:49:43 +0000  6162 bytes for ./FacebookSDKStrings.bundle/Resources/el.lproj/FacebookSDK.strings
copying file ./FacebookSDKStrings.bundle/Resources/ja.lproj/FacebookSDK.strings ... 
2023-12-24 10:49:43 +0000  5419 bytes for ./FacebookSDKStrings.bundle/Resources/ja.lproj/FacebookSDK.strings
2023-12-24 10:49:43 +0000  copying file ./FacebookSDKStrings.bundle/Resources/mr.lproj/FacebookSDK.strings ... 
2023-12-24 10:49:43 +0000  6747 bytes for ./FacebookSDKStrings.bundle/Resources/mr.lproj/FacebookSDK.strings
2023-12-24 10:49:43 +0000  copying file ./FacebookSDKStrings.bundle/Resources/en.lproj/FacebookSDK.strings ... 
2023-12-24 10:49:43 +0000  8672 bytes for ./FacebookSDKStrings.bundle/Resources/en.lproj/FacebookSDK.strings
2023-12-24 10:49:43 +0000  copying file ./FacebookSDKStrings.bundle/Resources/gu.lproj/FacebookSDK.strings ... 
2023-12-24 10:49:43 +0000  6757 bytes for ./FacebookSDKStrings.bundle/Resources/gu.lproj/FacebookSDK.strings
copying file ./FacebookSDKStrings.bundle/Resources/kn.lproj/FacebookSDK.strings ... 
2023-12-24 10:49:43 +0000  5977 bytes for ./FacebookSDKStrings.bundle/Resources/kn.lproj/FacebookSDK.strings
2023-12-24 10:49:43 +0000  copying file ./FacebookSDKStrings.bundle/Resources/nb.lproj/FacebookSDK.strings ... 
2023-12-24 10:49:43 +0000  4911 bytes for ./FacebookSDKStrings.bundle/Resources/nb.lproj/FacebookSDK.strings
2023-12-24 10:49:43 +0000  copying file ./FacebookSDKStrings.bundle/Resources/pa.lproj/FacebookSDK.strings ... 
2023-12-24 10:49:43 +0000  6874 bytes for ./FacebookSDKStrings.bundle/Resources/pa.lproj/FacebookSDK.strings
copying file ./FacebookSDKStrings.bundle/Resources/es.lproj/FacebookSDK.strings ... 
2023-12-24 10:49:43 +0000  5110 bytes for ./FacebookSDKStrings.bundle/Resources/es.lproj/FacebookSDK.strings
copying file ./FacebookSDKStrings.bundle/Resources/da.lproj/FacebookSDK.strings ... 
2023-12-24 10:49:43 +0000  4975 bytes for ./FacebookSDKStrings.bundle/Resources/da.lproj/FacebookSDK.strings
2023-12-24 10:49:43 +0000  copying file ./FacebookSDKStrings.bundle/Resources/it.lproj/FacebookSDK.strings ... 
2023-12-24 10:49:43 +0000  5016 bytes for ./FacebookSDKStrings.bundle/Resources/it.lproj/FacebookSDK.strings
copying file ./FacebookSDKStrings.bundle/Resources/sk.lproj/FacebookSDK.strings ... 
2023-12-24 10:49:43 +0000  5130 bytes for ./FacebookSDKStrings.bundle/Resources/sk.lproj/FacebookSDK.strings
2023-12-24 10:49:43 +0000  copying file ./FacebookSDKStrings.bundle/Resources/pt_PT.lproj/FacebookSDK.strings ... 
2023-12-24 10:49:43 +0000  5139 bytes for ./FacebookSDKStrings.bundle/Resources/pt_PT.lproj/FacebookSDK.strings
2023-12-24 10:49:43 +0000  copying file ./FacebookSDKStrings.bundle/Resources/ms.lproj/FacebookSDK.strings ... 
2023-12-24 10:49:43 +0000  4990 bytes for ./FacebookSDKStrings.bundle/Resources/ms.lproj/FacebookSDK.strings
copying file ./FacebookSDKStrings.bundle/Resources/ta.lproj/FacebookSDK.strings ... 
2023-12-24 10:49:43 +0000  7039 bytes for ./FacebookSDKStrings.bundle/Resources/ta.lproj/FacebookSDK.strings
2023-12-24 10:49:43 +0000  copying file ./FacebookSDKStrings.bundle/Resources/ml.lproj/FacebookSDK.strings ... 
2023-12-24 10:49:43 +0000  7388 bytes for ./FacebookSDKStrings.bundle/Resources/ml.lproj/FacebookSDK.strings
copying file ./FacebookSDKStrings.bundle/Resources/sv.lproj/FacebookSDK.strings ... 
2023-12-24 10:49:43 +0000  4940 bytes for ./FacebookSDKStrings.bundle/Resources/sv.lproj/FacebookSDK.strings
2023-12-24 10:49:43 +0000  copying file ./FacebookSDKStrings.bundle/Resources/te.lproj/FacebookSDK.strings ... 
2023-12-24 10:49:43 +0000  7083 bytes for ./FacebookSDKStrings.bundle/Resources/te.lproj/FacebookSDK.strings
copying file ./FacebookSDKStrings.bundle/Resources/cs.lproj/FacebookSDK.strings ... 
2023-12-24 10:49:43 +0000  5115 bytes for ./FacebookSDKStrings.bundle/Resources/cs.lproj/FacebookSDK.strings
2023-12-24 10:49:43 +0000  copying file ./FacebookSDKStrings.bundle/Resources/ko.lproj/FacebookSDK.strings ... 
2023-12-24 10:49:43 +0000  5137 bytes for ./FacebookSDKStrings.bundle/Resources/ko.lproj/FacebookSDK.strings
2023-12-24 10:49:43 +0000  copying file ./FacebookSDKStrings.bundle/Resources/fil.lproj/FacebookSDK.strings ... 
2023-12-24 10:49:43 +0000  5137 bytes for ./FacebookSDKStrings.bundle/Resources/fil.lproj/FacebookSDK.strings
2023-12-24 10:49:43 +0000  copying file ./FacebookSDKStrings.bundle/Resources/hu.lproj/FacebookSDK.strings ... 
2023-12-24 10:49:43 +0000  5233 bytes for ./FacebookSDKStrings.bundle/Resources/hu.lproj/FacebookSDK.strings
2023-12-24 10:49:43 +0000  copying file ./FacebookSDKStrings.bundle/Resources/tr.lproj/FacebookSDK.strings ... 
2023-12-24 10:49:43 +0000  5006 bytes for ./FacebookSDKStrings.bundle/Resources/tr.lproj/FacebookSDK.strings
copying file ./FacebookSDKStrings.bundle/Resources/pl.lproj/FacebookSDK.strings ... 
2023-12-24 10:49:43 +0000  5086 bytes for ./FacebookSDKStrings.bundle/Resources/pl.lproj/FacebookSDK.strings
copying file ./FacebookSDKStrings.bundle/Resources/en_GB.lproj/FacebookSDK.strings ... 
2023-12-24 10:49:43 +0000  4509 bytes for ./FacebookSDKStrings.bundle/Resources/en_GB.lproj/FacebookSDK.strings
2023-12-24 10:49:43 +0000  copying file ./FacebookSDKStrings.bundle/Resources/zh_Hant_TW.lproj/FacebookSDK.strings ... 
2023-12-24 10:49:43 +0000  4891 bytes for ./FacebookSDKStrings.bundle/Resources/zh_Hant_TW.lproj/FacebookSDK.strings
2023-12-24 10:49:43 +0000  copying file ./FacebookSDKStrings.bundle/Resources/vi.lproj/FacebookSDK.strings ... 
2023-12-24 10:49:43 +0000  5393 bytes for ./FacebookSDKStrings.bundle/Resources/vi.lproj/FacebookSDK.strings
copying file ./FacebookSDKStrings.bundle/Resources/ru.lproj/FacebookSDK.strings ... 
2023-12-24 10:49:43 +0000  5711 bytes for ./FacebookSDKStrings.bundle/Resources/ru.lproj/FacebookSDK.strings
2023-12-24 10:49:43 +0000  copying file ./FacebookSDKStrings.bundle/Resources/zh_Hant_HK.lproj/FacebookSDK.strings ... 
2023-12-24 10:49:43 +0000  4853 bytes for ./FacebookSDKStrings.bundle/Resources/zh_Hant_HK.lproj/FacebookSDK.strings
copying file ./FacebookSDKStrings.bundle/Resources/af.lproj/FacebookSDK.strings ... 
2023-12-24 10:49:43 +0000  5014 bytes for ./FacebookSDKStrings.bundle/Resources/af.lproj/FacebookSDK.strings
2023-12-24 10:49:43 +0000  copying file ./FacebookSDKStrings.bundle/Resources/es_ES.lproj/FacebookSDK.strings ... 
2023-12-24 10:49:43 +0000  5128 bytes for ./FacebookSDKStrings.bundle/Resources/es_ES.lproj/FacebookSDK.strings
copying file ./FacebookSDKStrings.bundle/Resources/fr.lproj/FacebookSDK.strings ... 
2023-12-24 10:49:43 +0000  5228 bytes for ./FacebookSDKStrings.bundle/Resources/fr.lproj/FacebookSDK.strings
2023-12-24 10:49:43 +0000  copying file ./FacebookSDKStrings.bundle/Resources/fi.lproj/FacebookSDK.strings ... 
2023-12-24 10:49:43 +0000  5096 bytes for ./FacebookSDKStrings.bundle/Resources/fi.lproj/FacebookSDK.strings
2023-12-24 10:49:43 +0000  copying file ./FacebookSDKStrings.bundle/Resources/id.lproj/FacebookSDK.strings ... 
2023-12-24 10:49:43 +0000  4932 bytes for ./FacebookSDKStrings.bundle/Resources/id.lproj/FacebookSDK.strings
copying file ./FacebookSDKStrings.bundle/Resources/nl.lproj/FacebookSDK.strings ... 
2023-12-24 10:49:43 +0000  5014 bytes for ./FacebookSDKStrings.bundle/Resources/nl.lproj/FacebookSDK.strings
2023-12-24 10:49:43 +0000  copying file ./FacebookSDKStrings.bundle/Resources/th.lproj/FacebookSDK.strings ... 
2023-12-24 10:49:43 +0000  6758 bytes for ./FacebookSDKStrings.bundle/Resources/th.lproj/FacebookSDK.strings
copying file ./FacebookSDKStrings.bundle/Resources/pt.lproj/FacebookSDK.strings ... 
2023-12-24 10:49:43 +0000  5043 bytes for ./FacebookSDKStrings.bundle/Resources/pt.lproj/FacebookSDK.strings
2023-12-24 10:49:43 +0000  copying file ./FacebookSDKStrings.bundle/Resources/bn.lproj/FacebookSDK.strings ... 
2023-12-24 10:49:43 +0000  7025 bytes for ./FacebookSDKStrings.bundle/Resources/bn.lproj/FacebookSDK.strings
copying file ./FacebookSDKStrings.bundle/Resources/hr.lproj/FacebookSDK.strings ... 
2023-12-24 10:49:43 +0000  4978 bytes for ./FacebookSDKStrings.bundle/Resources/hr.lproj/FacebookSDK.strings
2023-12-24 10:49:43 +0000  copying file ./FacebookSDKStrings.bundle/Resources/hi.lproj/FacebookSDK.strings ... 
2023-12-24 10:49:43 +0000  6785 bytes for ./FacebookSDKStrings.bundle/Resources/hi.lproj/FacebookSDK.strings
2023-12-24 10:49:43 +0000  copying file ./FacebookSDKStrings.bundle/Resources/zh.lproj/FacebookSDK.strings ... 
2023-12-24 10:49:43 +0000  4833 bytes for ./FacebookSDKStrings.bundle/Resources/zh.lproj/FacebookSDK.strings
copying file ./AppIcon60x60@3x.png ... 
2023-12-24 10:49:43 +0000  15004 bytes for ./AppIcon60x60@3x.png
2023-12-24 10:49:43 +0000  copying file ./FontAwesome.ttf ... 
2023-12-24 10:49:43 +0000  165548 bytes for ./FontAwesome.ttf
copying file ./Poppins-ExtraBoldItalic.ttf ... 
2023-12-24 10:49:43 +0000  173868 bytes for ./Poppins-ExtraBoldItalic.ttf
2023-12-24 10:49:43 +0000  copying file ./GoogleSignIn.bundle/de.lproj/GoogleSignIn.strings ... 
2023-12-24 10:49:43 +0000  2290 bytes for ./GoogleSignIn.bundle/de.lproj/GoogleSignIn.strings
2023-12-24 10:49:43 +0000  copying file ./GoogleSignIn.bundle/he.lproj/GoogleSignIn.strings ... 
2023-12-24 10:49:43 +0000  2379 bytes for ./GoogleSignIn.bundle/he.lproj/GoogleSignIn.strings
2023-12-24 10:49:43 +0000  copying file ./GoogleSignIn.bundle/ar.lproj/GoogleSignIn.strings ... 
2023-12-24 10:49:43 +0000  2405 bytes for ./GoogleSignIn.bundle/ar.lproj/GoogleSignIn.strings
2023-12-24 10:49:43 +0000  copying file ./GoogleSignIn.bundle/el.lproj/GoogleSignIn.strings ... 
2023-12-24 10:49:43 +0000  2816 bytes for ./GoogleSignIn.bundle/el.lproj/GoogleSignIn.strings
2023-12-24 10:49:43 +0000  copying file ./GoogleSignIn.bundle/ja.lproj/GoogleSignIn.strings ... 
2023-12-24 10:49:43 +0000  2336 bytes for ./GoogleSignIn.bundle/ja.lproj/GoogleSignIn.strings
copying file ./GoogleSignIn.bundle/en.lproj/GoogleSignIn.strings ... 
2023-12-24 10:49:43 +0000  1547 bytes for ./GoogleSignIn.bundle/en.lproj/GoogleSignIn.strings
2023-12-24 10:49:43 +0000  copying file ./GoogleSignIn.bundle/uk.lproj/GoogleSignIn.strings ... 
2023-12-24 10:49:43 +0000  2567 bytes for ./GoogleSignIn.bundle/uk.lproj/GoogleSignIn.strings
2023-12-24 10:49:43 +0000  copying file ./GoogleSignIn.bundle/es_MX.lproj/GoogleSignIn.strings ... 
2023-12-24 10:49:43 +0000  2140 bytes for ./GoogleSignIn.bundle/es_MX.lproj/GoogleSignIn.strings
copying file ./GoogleSignIn.bundle/zh_CN.lproj/GoogleSignIn.strings ... 
2023-12-24 10:49:43 +0000  2052 bytes for ./GoogleSignIn.bundle/zh_CN.lproj/GoogleSignIn.strings
2023-12-24 10:49:43 +0000  copying file ./GoogleSignIn.bundle/nb.lproj/GoogleSignIn.strings ... 
2023-12-24 10:49:43 +0000  2129 bytes for ./GoogleSignIn.bundle/nb.lproj/GoogleSignIn.strings
copying file ./GoogleSignIn.bundle/es.lproj/GoogleSignIn.strings ... 
2023-12-24 10:49:43 +0000  2254 bytes for ./GoogleSignIn.bundle/es.lproj/GoogleSignIn.strings
2023-12-24 10:49:43 +0000  copying file ./GoogleSignIn.bundle/pt_BR.lproj/GoogleSignIn.strings ... 
2023-12-24 10:49:43 +0000  2183 bytes for ./GoogleSignIn.bundle/pt_BR.lproj/GoogleSignIn.strings
2023-12-24 10:49:43 +0000  copying file ./GoogleSignIn.bundle/da.lproj/GoogleSignIn.strings ... 
2023-12-24 10:49:43 +0000  2149 bytes for ./GoogleSignIn.bundle/da.lproj/GoogleSignIn.strings
copying file ./GoogleSignIn.bundle/it.lproj/GoogleSignIn.strings ... 
2023-12-24 10:49:43 +0000  2111 bytes for ./GoogleSignIn.bundle/it.lproj/GoogleSignIn.strings
2023-12-24 10:49:43 +0000  copying file ./GoogleSignIn.bundle/sk.lproj/GoogleSignIn.strings ... 
2023-12-24 10:49:43 +0000  2261 bytes for ./GoogleSignIn.bundle/sk.lproj/GoogleSignIn.strings
copying file ./GoogleSignIn.bundle/pt_PT.lproj/GoogleSignIn.strings ... 
2023-12-24 10:49:43 +0000  2221 bytes for ./GoogleSignIn.bundle/pt_PT.lproj/GoogleSignIn.strings
copying file ./GoogleSignIn.bundle/google@3x.png ... 
2023-12-24 10:49:43 +0000  1622 bytes for ./GoogleSignIn.bundle/google@3x.png
copying file ./GoogleSignIn.bundle/ms.lproj/GoogleSignIn.strings ... 
2023-12-24 10:49:43 +0000  2113 bytes for ./GoogleSignIn.bundle/ms.lproj/GoogleSignIn.strings
copying file ./GoogleSignIn.bundle/sv.lproj/GoogleSignIn.strings ... 
2023-12-24 10:49:43 +0000  2132 bytes for ./GoogleSignIn.bundle/sv.lproj/GoogleSignIn.strings
copying file ./GoogleSignIn.bundle/cs.lproj/GoogleSignIn.strings ... 
2023-12-24 10:49:43 +0000  2200 bytes for ./GoogleSignIn.bundle/cs.lproj/GoogleSignIn.strings
copying file ./GoogleSignIn.bundle/google@2x.png ... 
2023-12-24 10:49:43 +0000  987 bytes for ./GoogleSignIn.bundle/google@2x.png
copying file ./GoogleSignIn.bundle/ko.lproj/GoogleSignIn.strings ... 
2023-12-24 10:49:43 +0000  2208 bytes for ./GoogleSignIn.bundle/ko.lproj/GoogleSignIn.strings
2023-12-24 10:49:43 +0000  copying file ./GoogleSignIn.bundle/hu.lproj/GoogleSignIn.strings ... 
2023-12-24 10:49:43 +0000  2260 bytes for ./GoogleSignIn.bundle/hu.lproj/GoogleSignIn.strings
copying file ./GoogleSignIn.bundle/tr.lproj/GoogleSignIn.strings ... 
2023-12-24 10:49:43 +0000  2157 bytes for ./GoogleSignIn.bundle/tr.lproj/GoogleSignIn.strings
2023-12-24 10:49:43 +0000  copying file ./GoogleSignIn.bundle/pl.lproj/GoogleSignIn.strings ... 
2023-12-24 10:49:43 +0000  2131 bytes for ./GoogleSignIn.bundle/pl.lproj/GoogleSignIn.strings
2023-12-24 10:49:43 +0000  copying file ./GoogleSignIn.bundle/zh_TW.lproj/GoogleSignIn.strings ... 
2023-12-24 10:49:43 +0000  2066 bytes for ./GoogleSignIn.bundle/zh_TW.lproj/GoogleSignIn.strings
2023-12-24 10:49:43 +0000  copying file ./GoogleSignIn.bundle/en_GB.lproj/GoogleSignIn.strings ... 
2023-12-24 10:49:43 +0000  2072 bytes for ./GoogleSignIn.bundle/en_GB.lproj/GoogleSignIn.strings
2023-12-24 10:49:43 +0000  copying file ./GoogleSignIn.bundle/vi.lproj/GoogleSignIn.strings ... 
2023-12-24 10:49:43 +0000  2311 bytes for ./GoogleSignIn.bundle/vi.lproj/GoogleSignIn.strings
copying file ./GoogleSignIn.bundle/ru.lproj/GoogleSignIn.strings ... 
2023-12-24 10:49:43 +0000  2646 bytes for ./GoogleSignIn.bundle/ru.lproj/GoogleSignIn.strings
2023-12-24 10:49:43 +0000  copying file ./GoogleSignIn.bundle/fr_CA.lproj/GoogleSignIn.strings ... 
2023-12-24 10:49:43 +0000  2254 bytes for ./GoogleSignIn.bundle/fr_CA.lproj/GoogleSignIn.strings
2023-12-24 10:49:43 +0000  copying file ./GoogleSignIn.bundle/fr.lproj/GoogleSignIn.strings ... 
2023-12-24 10:49:43 +0000  2261 bytes for ./GoogleSignIn.bundle/fr.lproj/GoogleSignIn.strings
2023-12-24 10:49:43 +0000  copying file ./GoogleSignIn.bundle/fi.lproj/GoogleSignIn.strings ... 
2023-12-24 10:49:43 +0000  2192 bytes for ./GoogleSignIn.bundle/fi.lproj/GoogleSignIn.strings
copying file ./GoogleSignIn.bundle/id.lproj/GoogleSignIn.strings ... 
2023-12-24 10:49:43 +0000  2076 bytes for ./GoogleSignIn.bundle/id.lproj/GoogleSignIn.strings
2023-12-24 10:49:43 +0000  copying file ./GoogleSignIn.bundle/nl.lproj/GoogleSignIn.strings ... 
2023-12-24 10:49:43 +0000  2155 bytes for ./GoogleSignIn.bundle/nl.lproj/GoogleSignIn.strings
2023-12-24 10:49:43 +0000  copying file ./GoogleSignIn.bundle/th.lproj/GoogleSignIn.strings ... 
2023-12-24 10:49:43 +0000  2863 bytes for ./GoogleSignIn.bundle/th.lproj/GoogleSignIn.strings
copying file ./GoogleSignIn.bundle/pt.lproj/GoogleSignIn.strings ... 
2023-12-24 10:49:43 +0000  2183 bytes for ./GoogleSignIn.bundle/pt.lproj/GoogleSignIn.strings
copying file ./GoogleSignIn.bundle/google.png ... 
2023-12-24 10:49:43 +0000  572 bytes for ./GoogleSignIn.bundle/google.png
copying file ./GoogleSignIn.bundle/Roboto-Bold.ttf ... 
2023-12-24 10:49:43 +0000  127744 bytes for ./GoogleSignIn.bundle/Roboto-Bold.ttf
copying file ./GoogleSignIn.bundle/ro.lproj/GoogleSignIn.strings ... 
2023-12-24 10:49:43 +0000  2172 bytes for ./GoogleSignIn.bundle/ro.lproj/GoogleSignIn.strings
copying file ./GoogleSignIn.bundle/Info.plist ... 
2023-12-24 10:49:43 +0000  729 bytes for ./GoogleSignIn.bundle/Info.plist
copying file ./GoogleSignIn.bundle/hr.lproj/GoogleSignIn.strings ... 
2023-12-24 10:49:43 +0000  2178 bytes for ./GoogleSignIn.bundle/hr.lproj/GoogleSignIn.strings
2023-12-24 10:49:43 +0000  copying file ./GoogleSignIn.bundle/hi.lproj/GoogleSignIn.strings ... 
2023-12-24 10:49:43 +0000  3043 bytes for ./GoogleSignIn.bundle/hi.lproj/GoogleSignIn.strings
copying file ./GoogleSignIn.bundle/ca.lproj/GoogleSignIn.strings ... 
2023-12-24 10:49:43 +0000  2283 bytes for ./GoogleSignIn.bundle/ca.lproj/GoogleSignIn.strings
2023-12-24 10:49:43 +0000  copying file ./Zocial.ttf ... 
2023-12-24 10:49:43 +0000  25552 bytes for ./Zocial.ttf
copying file ./RobotoCondensed-LightItalic.ttf ... 
2023-12-24 10:49:43 +0000  145104 bytes for ./RobotoCondensed-LightItalic.ttf
2023-12-24 10:49:43 +0000  copying file ./Poppins-ExtraBold.ttf ... 
2023-12-24 10:49:43 +0000  152712 bytes for ./Poppins-ExtraBold.ttf
copying file ./ComodoRsaCA.der ... 
2023-12-24 10:49:43 +0000  1400 bytes for ./ComodoRsaCA.der
copying file ./Assets.car ... 
2023-12-24 10:49:43 +0000  537151 bytes for ./Assets.car
copying file ./EvilIcons.ttf ... 
2023-12-24 10:49:43 +0000  13456 bytes for ./EvilIcons.ttf
2023-12-24 10:49:43 +0000  copying file ./Poppins-BlackItalic.ttf ... 
2023-12-24 10:49:43 +0000  171544 bytes for ./Poppins-BlackItalic.ttf
2023-12-24 10:49:43 +0000  copying file ./main.jsbundle ... 
2023-12-24 10:49:43 +0000  3893054 bytes for ./main.jsbundle
copying file ./Roboto-ThinItalic.ttf ... 
2023-12-24 10:49:43 +0000  132376 bytes for ./Roboto-ThinItalic.ttf
copying file ./RobotoCondensed-Regular.ttf ... 
2023-12-24 10:49:43 +0000  140396 bytes for ./RobotoCondensed-Regular.ttf
2023-12-24 10:49:43 +0000  copying file ./Roboto-BoldItalic.ttf ... 
2023-12-24 10:49:43 +0000  144700 bytes for ./Roboto-BoldItalic.ttf
2023-12-24 10:49:43 +0000  copying file ./Poppins-Regular.ttf ... 
2023-12-24 10:49:43 +0000  158192 bytes for ./Poppins-Regular.ttf
2023-12-24 10:49:43 +0000  copying file ./RSKImageCropperStrings.bundle/de.lproj/RSKImageCropper.strings ... 
2023-12-24 10:49:43 +0000  1340 bytes for ./RSKImageCropperStrings.bundle/de.lproj/RSKImageCropper.strings
2023-12-24 10:49:43 +0000  copying file ./RSKImageCropperStrings.bundle/he.lproj/RSKImageCropper.strings ... 
2023-12-24 10:49:43 +0000  1351 bytes for ./RSKImageCropperStrings.bundle/he.lproj/RSKImageCropper.strings
2023-12-24 10:49:43 +0000  copying file ./RSKImageCropperStrings.bundle/ar.lproj/RSKImageCropper.strings ... 
2023-12-24 10:49:43 +0000  1339 bytes for ./RSKImageCropperStrings.bundle/ar.lproj/RSKImageCropper.strings
2023-12-24 10:49:43 +0000  copying file ./RSKImageCropperStrings.bundle/el.lproj/RSKImageCropper.strings ... 
2023-12-24 10:49:43 +0000  1370 bytes for ./RSKImageCropperStrings.bundle/el.lproj/RSKImageCropper.strings
copying file ./RSKImageCropperStrings.bundle/zh-Hans.lproj/RSKImageCropper.strings ... 
2023-12-24 10:49:43 +0000  1327 bytes for ./RSKImageCropperStrings.bundle/zh-Hans.lproj/RSKImageCropper.strings
2023-12-24 10:49:43 +0000  copying file ./RSKImageCropperStrings.bundle/ja.lproj/RSKImageCropper.strings ... 
2023-12-24 10:49:43 +0000  1342 bytes for ./RSKImageCropperStrings.bundle/ja.lproj/RSKImageCropper.strings
2023-12-24 10:49:43 +0000  copying file ./RSKImageCropperStrings.bundle/fa.lproj/RSKImageCropper.strings ... 
2023-12-24 10:49:43 +0000  1355 bytes for ./RSKImageCropperStrings.bundle/fa.lproj/RSKImageCropper.strings
2023-12-24 10:49:43 +0000  copying file ./RSKImageCropperStrings.bundle/mk.lproj/RSKImageCropper.strings ... 
2023-12-24 10:49:43 +0000  1369 bytes for ./RSKImageCropperStrings.bundle/mk.lproj/RSKImageCropper.strings
2023-12-24 10:49:43 +0000  copying file ./RSKImageCropperStrings.bundle/en.lproj/RSKImageCropper.strings ... 
2023-12-24 10:49:43 +0000  1326 bytes for ./RSKImageCropperStrings.bundle/en.lproj/RSKImageCropper.strings
2023-12-24 10:49:43 +0000  copying file ./RSKImageCropperStrings.bundle/uk.lproj/RSKImageCropper.strings ... 
2023-12-24 10:49:43 +0000  1360 bytes for ./RSKImageCropperStrings.bundle/uk.lproj/RSKImageCropper.strings
2023-12-24 10:49:43 +0000  copying file ./RSKImageCropperStrings.bundle/nb.lproj/RSKImageCropper.strings ... 
2023-12-24 10:49:43 +0000  1325 bytes for ./RSKImageCropperStrings.bundle/nb.lproj/RSKImageCropper.strings
2023-12-24 10:49:43 +0000  copying file ./RSKImageCropperStrings.bundle/es.lproj/RSKImageCropper.strings ... 
2023-12-24 10:49:43 +0000  1327 bytes for ./RSKImageCropperStrings.bundle/es.lproj/RSKImageCropper.strings
2023-12-24 10:49:43 +0000  copying file ./RSKImageCropperStrings.bundle/sl.lproj/RSKImageCropper.strings ... 
2023-12-24 10:49:43 +0000  1336 bytes for ./RSKImageCropperStrings.bundle/sl.lproj/RSKImageCropper.strings
2023-12-24 10:49:43 +0000  copying file ./RSKImageCropperStrings.bundle/pt_BR.lproj/RSKImageCropper.strings ... 
2023-12-24 10:49:43 +0000  1337 bytes for ./RSKImageCropperStrings.bundle/pt_BR.lproj/RSKImageCropper.strings
2023-12-24 10:49:43 +0000  copying file ./RSKImageCropperStrings.bundle/da.lproj/RSKImageCropper.strings ... 
2023-12-24 10:49:43 +0000  1327 bytes for ./RSKImageCropperStrings.bundle/da.lproj/RSKImageCropper.strings
2023-12-24 10:49:43 +0000  copying file ./RSKImageCropperStrings.bundle/et.lproj/RSKImageCropper.strings ... 
2023-12-24 10:49:43 +0000  1325 bytes for ./RSKImageCropperStrings.bundle/et.lproj/RSKImageCropper.strings
2023-12-24 10:49:43 +0000  copying file ./RSKImageCropperStrings.bundle/it.lproj/RSKImageCropper.strings ... 
2023-12-24 10:49:43 +0000  1334 bytes for ./RSKImageCropperStrings.bundle/it.lproj/RSKImageCropper.strings
2023-12-24 10:49:43 +0000  copying file ./RSKImageCropperStrings.bundle/bg.lproj/RSKImageCropper.strings ... 
2023-12-24 10:49:43 +0000  1374 bytes for ./RSKImageCropperStrings.bundle/bg.lproj/RSKImageCropper.strings
copying file ./RSKImageCropperStrings.bundle/sk.lproj/RSKImageCropper.strings ... 
2023-12-24 10:49:43 +0000  1347 bytes for ./RSKImageCropperStrings.bundle/sk.lproj/RSKImageCropper.strings
2023-12-24 10:49:43 +0000  copying file ./RSKImageCropperStrings.bundle/pt_PT.lproj/RSKImageCropper.strings ... 
2023-12-24 10:49:43 +0000  1335 bytes for ./RSKImageCropperStrings.bundle/pt_PT.lproj/RSKImageCropper.strings
2023-12-24 10:49:43 +0000  copying file ./RSKImageCropperStrings.bundle/sr.lproj/RSKImageCropper.strings ... 
2023-12-24 10:49:43 +0000  1330 bytes for ./RSKImageCropperStrings.bundle/sr.lproj/RSKImageCropper.strings
2023-12-24 10:49:43 +0000  copying file ./RSKImageCropperStrings.bundle/ms.lproj/RSKImageCropper.strings ... 
2023-12-24 10:49:43 +0000  1324 bytes for ./RSKImageCropperStrings.bundle/ms.lproj/RSKImageCropper.strings
copying file ./RSKImageCropperStrings.bundle/sv.lproj/RSKImageCropper.strings ... 
2023-12-24 10:49:43 +0000  1333 bytes for ./RSKImageCropperStrings.bundle/sv.lproj/RSKImageCropper.strings
2023-12-24 10:49:43 +0000  copying file ./RSKImageCropperStrings.bundle/cs.lproj/RSKImageCropper.strings ... 
2023-12-24 10:49:43 +0000  1328 bytes for ./RSKImageCropperStrings.bundle/cs.lproj/RSKImageCropper.strings
2023-12-24 10:49:43 +0000  copying file ./RSKImageCropperStrings.bundle/ko.lproj/RSKImageCropper.strings ... 
2023-12-24 10:49:43 +0000  1336 bytes for ./RSKImageCropperStrings.bundle/ko.lproj/RSKImageCropper.strings
2023-12-24 10:49:43 +0000  copying file ./RSKImageCropperStrings.bundle/fil.lproj/RSKImageCropper.strings ... 
2023-12-24 10:49:43 +0000  1334 bytes for ./RSKImageCropperStrings.bundle/fil.lproj/RSKImageCropper.strings
2023-12-24 10:49:43 +0000  copying file ./RSKImageCropperStrings.bundle/zh-Hant.lproj/RSKImageCropper.strings ... 
2023-12-24 10:49:43 +0000  1327 bytes for ./RSKImageCropperStrings.bundle/zh-Hant.lproj/RSKImageCropper.strings
2023-12-24 10:49:43 +0000  copying file ./RSKImageCropperStrings.bundle/hu.lproj/RSKImageCropper.strings ... 
2023-12-24 10:49:43 +0000  1345 bytes for ./RSKImageCropperStrings.bundle/hu.lproj/RSKImageCropper.strings
2023-12-24 10:49:43 +0000  copying file ./RSKImageCropperStrings.bundle/tr.lproj/RSKImageCropper.strings ... 
2023-12-24 10:49:43 +0000  1330 bytes for ./RSKImageCropperStrings.bundle/tr.lproj/RSKImageCropper.strings
2023-12-24 10:49:43 +0000  copying file ./RSKImageCropperStrings.bundle/pl.lproj/RSKImageCropper.strings ... 
2023-12-24 10:49:43 +0000  1325 bytes for ./RSKImageCropperStrings.bundle/pl.lproj/RSKImageCropper.strings
2023-12-24 10:49:43 +0000  copying file ./RSKImageCropperStrings.bundle/vi.lproj/RSKImageCropper.strings ... 
2023-12-24 10:49:43 +0000  1342 bytes for ./RSKImageCropperStrings.bundle/vi.lproj/RSKImageCropper.strings
2023-12-24 10:49:43 +0000  copying file ./RSKImageCropperStrings.bundle/lv.lproj/RSKImageCropper.strings ... 
2023-12-24 10:49:43 +0000  1333 bytes for ./RSKImageCropperStrings.bundle/lv.lproj/RSKImageCropper.strings
2023-12-24 10:49:43 +0000  copying file ./RSKImageCropperStrings.bundle/lt.lproj/RSKImageCropper.strings ... 
2023-12-24 10:49:43 +0000  1345 bytes for ./RSKImageCropperStrings.bundle/lt.lproj/RSKImageCropper.strings
2023-12-24 10:49:43 +0000  copying file ./RSKImageCropperStrings.bundle/ru.lproj/RSKImageCropper.strings ... 
1358 bytes for ./RSKImageCropperStrings.bundle/ru.lproj/RSKImageCropper.strings
2023-12-24 10:49:43 +0000  copying file ./RSKImageCropperStrings.bundle/fr.lproj/RSKImageCropper.strings ... 
2023-12-24 10:49:43 +0000  1322 bytes for ./RSKImageCropperStrings.bundle/fr.lproj/RSKImageCropper.strings
2023-12-24 10:49:43 +0000  copying file ./RSKImageCropperStrings.bundle/fi.lproj/RSKImageCropper.strings ... 
2023-12-24 10:49:43 +0000  1330 bytes for ./RSKImageCropperStrings.bundle/fi.lproj/RSKImageCropper.strings
2023-12-24 10:49:43 +0000  copying file ./RSKImageCropperStrings.bundle/id.lproj/RSKImageCropper.strings ... 
2023-12-24 10:49:43 +0000  1333 bytes for ./RSKImageCropperStrings.bundle/id.lproj/RSKImageCropper.strings
2023-12-24 10:49:43 +0000  copying file ./RSKImageCropperStrings.bundle/nl.lproj/RSKImageCropper.strings ... 
2023-12-24 10:49:43 +0000  1339 bytes for ./RSKImageCropperStrings.bundle/nl.lproj/RSKImageCropper.strings
2023-12-24 10:49:43 +0000  copying file ./RSKImageCropperStrings.bundle/th.lproj/RSKImageCropper.strings ... 
1384 bytes for ./RSKImageCropperStrings.bundle/th.lproj/RSKImageCropper.strings
2023-12-24 10:49:43 +0000  copying file ./RSKImageCropperStrings.bundle/pt.lproj/RSKImageCropper.strings ... 
2023-12-24 10:49:43 +0000  1335 bytes for ./RSKImageCropperStrings.bundle/pt.lproj/RSKImageCropper.strings
2023-12-24 10:49:43 +0000  copying file ./RSKImageCropperStrings.bundle/ro.lproj/RSKImageCropper.strings ... 
2023-12-24 10:49:43 +0000  1345 bytes for ./RSKImageCropperStrings.bundle/ro.lproj/RSKImageCropper.strings
2023-12-24 10:49:43 +0000  copying file ./RSKImageCropperStrings.bundle/bs.lproj/RSKImageCropper.strings ... 
2023-12-24 10:49:43 +0000  1333 bytes for ./RSKImageCropperStrings.bundle/bs.lproj/RSKImageCropper.strings
2023-12-24 10:49:43 +0000  copying file ./RSKImageCropperStrings.bundle/hr.lproj/RSKImageCropper.strings ... 
2023-12-24 10:49:43 +0000  1335 bytes for ./RSKImageCropperStrings.bundle/hr.lproj/RSKImageCropper.strings
2023-12-24 10:49:43 +0000  copying file ./RSKImageCropperStrings.bundle/hi.lproj/RSKImageCropper.strings ... 
2023-12-24 10:49:43 +0000  1387 bytes for ./RSKImageCropperStrings.bundle/hi.lproj/RSKImageCropper.strings
2023-12-24 10:49:43 +0000  copying file ./RSKImageCropperStrings.bundle/ca.lproj/RSKImageCropper.strings ... 
2023-12-24 10:49:43 +0000  1337 bytes for ./RSKImageCropperStrings.bundle/ca.lproj/RSKImageCropper.strings
2023-12-24 10:49:43 +0000  copying file ./RSKImageCropperStrings.bundle/zh.lproj/RSKImageCropper.strings ... 
2023-12-24 10:49:43 +0000  1327 bytes for ./RSKImageCropperStrings.bundle/zh.lproj/RSKImageCropper.strings
copying file ./Roboto-LightItalic.ttf ... 
2023-12-24 10:49:43 +0000  145932 bytes for ./Roboto-LightItalic.ttf
2023-12-24 10:49:43 +0000  copying file ./Poppins-LightItalic.ttf ... 
2023-12-24 10:49:43 +0000  184420 bytes for ./Poppins-LightItalic.ttf
copying file ./Roboto-Italic.ttf ... 
2023-12-24 10:49:43 +0000  148540 bytes for ./Roboto-Italic.ttf
2023-12-24 10:49:43 +0000  copying file ./Poppins-Bold.ttf ... 
2023-12-24 10:49:43 +0000  153900 bytes for ./Poppins-Bold.ttf
copying file ./Roboto-BlackItalic.ttf ... 
2023-12-24 10:49:43 +0000  149644 bytes for ./Roboto-BlackItalic.ttf
copying file ./SimpleLineIcons.ttf ... 
2023-12-24 10:49:43 +0000  54056 bytes for ./SimpleLineIcons.ttf
2023-12-24 10:49:43 +0000  copying file ./Poppins-Black.ttf ... 
2023-12-24 10:49:43 +0000  151340 bytes for ./Poppins-Black.ttf
copying file ./embedded.mobileprovision ... 
2023-12-24 10:49:43 +0000  12618 bytes for ./embedded.mobileprovision
2023-12-24 10:49:43 +0000  copying file ./Roboto-Bold.ttf ... 
2023-12-24 10:49:43 +0000  135820 bytes for ./Roboto-Bold.ttf
2023-12-24 10:49:43 +0000  copying file ./assets/node_modules/@horizonlime/react-native-select-multiple/images/icon-checkbox-checked.png ... 
2023-12-24 10:49:43 +0000  769 bytes for ./assets/node_modules/@horizonlime/react-native-select-multiple/images/icon-checkbox-checked.png
2023-12-24 10:49:43 +0000  copying file ./assets/node_modules/@horizonlime/react-native-select-multiple/images/icon-checkbox.png ... 
2023-12-24 10:49:43 +0000  507 bytes for ./assets/node_modules/@horizonlime/react-native-select-multiple/images/icon-checkbox.png
2023-12-24 10:49:43 +0000  copying file ./assets/node_modules/@horizonlime/react-native-select-multiple/images/icon-checkbox-disabled.png ... 
2023-12-24 10:49:43 +0000  390 bytes for ./assets/node_modules/@horizonlime/react-native-select-multiple/images/icon-checkbox-disabled.png
2023-12-24 10:49:43 +0000  copying file ./assets/node_modules/@react-navigation/elements/src/assets/back-icon@3x.png ... 
2023-12-24 10:49:43 +0000  761 bytes for ./assets/node_modules/@react-navigation/elements/src/assets/back-icon@3x.png
2023-12-24 10:49:43 +0000  copying file ./assets/node_modules/@react-navigation/elements/src/assets/back-icon@2x.png ... 
2023-12-24 10:49:43 +0000  405 bytes for ./assets/node_modules/@react-navigation/elements/src/assets/back-icon@2x.png
2023-12-24 10:49:43 +0000  copying file ./assets/node_modules/@react-navigation/elements/src/assets/back-icon.png ... 
2023-12-24 10:49:43 +0000  290 bytes for ./assets/node_modules/@react-navigation/elements/src/assets/back-icon.png
2023-12-24 10:49:43 +0000  copying file ./assets/node_modules/@react-navigation/elements/src/assets/back-icon-mask.png ... 
2023-12-24 10:49:43 +0000  913 bytes for ./assets/node_modules/@react-navigation/elements/src/assets/back-icon-mask.png
2023-12-24 10:49:43 +0000  copying file ./assets/node_modules/react-native-form-select-picker/src/components/assets/icons/selected.png ... 
2023-12-24 10:49:43 +0000  1299 bytes for ./assets/node_modules/react-native-form-select-picker/src/components/assets/icons/selected.png
2023-12-24 10:49:43 +0000  copying file ./assets/node_modules/react-native-form-select-picker/src/components/assets/icons/unselected.png ... 
2023-12-24 10:49:43 +0000  1159 bytes for ./assets/node_modules/react-native-form-select-picker/src/components/assets/icons/unselected.png
2023-12-24 10:49:43 +0000  copying file ./assets/node_modules/react-native-google-places-autocomplete/images/powered_by_google_on_white@2x.png ... 
2023-12-24 10:49:43 +0000  1731 bytes for ./assets/node_modules/react-native-google-places-autocomplete/images/powered_by_google_on_white@2x.png
2023-12-24 10:49:43 +0000  copying file ./assets/node_modules/react-native-google-places-autocomplete/images/powered_by_google_on_white@3x.png ... 
2023-12-24 10:49:43 +0000  4232 bytes for ./assets/node_modules/react-native-google-places-autocomplete/images/powered_by_google_on_white@3x.png
2023-12-24 10:49:43 +0000  copying file ./assets/node_modules/react-native-google-places-autocomplete/images/powered_by_google_on_white.png ... 
2023-12-24 10:49:43 +0000  1563 bytes for ./assets/node_modules/react-native-google-places-autocomplete/images/powered_by_google_on_white.png
2023-12-24 10:49:43 +0000  copying file ./assets/node_modules/flutterwave-react-native/dist/assets/pry-button-content.png ... 
2023-12-24 10:49:43 +0000  36953 bytes for ./assets/node_modules/flutterwave-react-native/dist/assets/pry-button-content.png
copying file ./assets/node_modules/flutterwave-react-native/dist/assets/loader.gif ... 
2023-12-24 10:49:43 +0000  147769 bytes for ./assets/node_modules/flutterwave-react-native/dist/assets/loader.gif
2023-12-24 10:49:43 +0000  copying file ./assets/src/assets/images/tenor.gif ... 
2023-12-24 10:49:43 +0000  28412 bytes for ./assets/src/assets/images/tenor.gif
2023-12-24 10:49:43 +0000  copying file ./assets/src/assets/images/ticket.png ... 
2023-12-24 10:49:43 +0000  15497 bytes for ./assets/src/assets/images/ticket.png
2023-12-24 10:49:43 +0000  copying file ./assets/src/assets/images/airtel.png ... 
2023-12-24 10:49:43 +0000  5227 bytes for ./assets/src/assets/images/airtel.png
2023-12-24 10:49:43 +0000  copying file ./assets/src/assets/images/home.png ... 
2023-12-24 10:49:43 +0000  58216 bytes for ./assets/src/assets/images/home.png
2023-12-24 10:49:43 +0000  copying file ./assets/src/assets/images/search_illusination.png ... 
2023-12-24 10:49:43 +0000  27019 bytes for ./assets/src/assets/images/search_illusination.png
2023-12-24 10:49:43 +0000  copying file ./assets/src/assets/images/search.jpg ... 
2023-12-24 10:49:43 +0000  1722892 bytes for ./assets/src/assets/images/search.jpg
2023-12-24 10:49:43 +0000  copying file ./assets/src/assets/images/mtn.png ... 
2023-12-24 10:49:43 +0000  10426 bytes for ./assets/src/assets/images/mtn.png
2023-12-24 10:49:43 +0000  copying file ./assets/src/assets/images/earn.png ... 
2023-12-24 10:49:43 +0000  100324 bytes for ./assets/src/assets/images/earn.png
copying file ./assets/src/assets/images/avatar.png ... 
2023-12-24 10:49:43 +0000  2753 bytes for ./assets/src/assets/images/avatar.png
2023-12-24 10:49:43 +0000  copying file ./assets/src/assets/images/onboard3.png ... 
2023-12-24 10:49:43 +0000  188432 bytes for ./assets/src/assets/images/onboard3.png
copying file ./assets/src/assets/images/onboard2.png ... 
2023-12-24 10:49:43 +0000  212981 bytes for ./assets/src/assets/images/onboard2.png
copying file ./assets/src/assets/images/onboard1.png ... 
2023-12-24 10:49:43 +0000  195223 bytes for ./assets/src/assets/images/onboard1.png
2023-12-24 10:49:43 +0000  copying file ./assets/src/assets/images/bg_img.png ... 
2023-12-24 10:49:43 +0000  46218 bytes for ./assets/src/assets/images/bg_img.png
2023-12-24 10:49:43 +0000  copying file ./assets/src/assets/images/vacation.png ... 
2023-12-24 10:49:43 +0000  69235 bytes for ./assets/src/assets/images/vacation.png
2023-12-24 10:49:43 +0000  copying file ./assets/src/assets/icons/down_arrow.png ... 
2023-12-24 10:49:43 +0000  495 bytes for ./assets/src/assets/icons/down_arrow.png
2023-12-24 10:49:43 +0000  copying file ./assets/src/assets/icons/first-aid-kit.png ... 
2023-12-24 10:49:43 +0000  8996 bytes for ./assets/src/assets/icons/first-aid-kit.png
2023-12-24 10:49:43 +0000  copying file ./assets/src/assets/icons/off-button.png ... 
2023-12-24 10:49:43 +0000  12574 bytes for ./assets/src/assets/icons/off-button.png
copying file ./assets/src/assets/icons/plus.png ... 
2023-12-24 10:49:43 +0000  298 bytes for ./assets/src/assets/icons/plus.png
2023-12-24 10:49:43 +0000  copying file ./assets/src/assets/icons/bath-towel.png ... 
2023-12-24 10:49:43 +0000  14544 bytes for ./assets/src/assets/icons/bath-towel.png
2023-12-24 10:49:43 +0000  copying file ./assets/src/assets/icons/focus.png ... 
2023-12-24 10:49:43 +0000  12823 bytes for ./assets/src/assets/icons/focus.png
2023-12-24 10:49:43 +0000  copying file ./assets/src/assets/icons/pillow.png ... 
2023-12-24 10:49:43 +0000  13375 bytes for ./assets/src/assets/icons/pillow.png
2023-12-24 10:49:43 +0000  copying file ./assets/src/assets/icons/correct.png ... 
2023-12-24 10:49:43 +0000  1800 bytes for ./assets/src/assets/icons/correct.png
2023-12-24 10:49:43 +0000  copying file ./assets/src/assets/icons/event.png ... 
2023-12-24 10:49:43 +0000  11138 bytes for ./assets/src/assets/icons/event.png
2023-12-24 10:49:43 +0000  copying file ./assets/src/assets/icons/condo.png ... 
2023-12-24 10:49:43 +0000  6831 bytes for ./assets/src/assets/icons/condo.png
2023-12-24 10:49:43 +0000  copying file ./assets/src/assets/icons/exchange.png ... 
2023-12-24 10:49:43 +0000  20598 bytes for ./assets/src/assets/icons/exchange.png
2023-12-24 10:49:43 +0000  copying file ./assets/src/assets/icons/wallet.png ... 
2023-12-24 10:49:43 +0000  1108 bytes for ./assets/src/assets/icons/wallet.png
2023-12-24 10:49:43 +0000  copying file ./assets/src/assets/icons/theme-park.png ... 
2023-12-24 10:49:43 +0000  20292 bytes for ./assets/src/assets/icons/theme-park.png
2023-12-24 10:49:43 +0000  copying file ./assets/src/assets/icons/time.png ... 
2023-12-24 10:49:43 +0000  15476 bytes for ./assets/src/assets/icons/time.png
2023-12-24 10:49:43 +0000  copying file ./assets/src/assets/icons/expand.png ... 
2023-12-24 10:49:43 +0000  4403 bytes for ./assets/src/assets/icons/expand.png
2023-12-24 10:49:43 +0000  copying file ./assets/src/assets/icons/clothes-hanger.png ... 
2023-12-24 10:49:43 +0000  9307 bytes for ./assets/src/assets/icons/clothes-hanger.png
2023-12-24 10:49:43 +0000  copying file ./assets/src/assets/icons/cart.png ... 
2023-12-24 10:49:43 +0000  1274 bytes for ./assets/src/assets/icons/cart.png
2023-12-24 10:49:43 +0000  copying file ./assets/src/assets/icons/eye_close.png ... 
2023-12-24 10:49:43 +0000  2145 bytes for ./assets/src/assets/icons/eye_close.png
2023-12-24 10:49:43 +0000  copying file ./assets/src/assets/icons/mail.png ... 
2023-12-24 10:49:43 +0000  14752 bytes for ./assets/src/assets/icons/mail.png
2023-12-24 10:49:43 +0000  copying file ./assets/src/assets/icons/group.png ... 
2023-12-24 10:49:43 +0000  13403 bytes for ./assets/src/assets/icons/group.png
2023-12-24 10:49:43 +0000  copying file ./assets/src/assets/icons/ac.png ... 
2023-12-24 10:49:43 +0000  6687 bytes for ./assets/src/assets/icons/ac.png
2023-12-24 10:49:43 +0000  copying file ./assets/src/assets/icons/location_pin.png ... 
2023-12-24 10:49:43 +0000  9239 bytes for ./assets/src/assets/icons/location_pin.png
2023-12-24 10:49:43 +0000  copying file ./assets/src/assets/icons/discount.png ... 
2023-12-24 10:49:43 +0000  2119 bytes for ./assets/src/assets/icons/discount.png
2023-12-24 10:49:43 +0000  copying file ./assets/src/assets/icons/navigator.png ... 
2023-12-24 10:49:43 +0000  11735 bytes for ./assets/src/assets/icons/navigator.png
2023-12-24 10:49:43 +0000  copying file ./assets/src/assets/icons/package.png ... 
2023-12-24 10:49:43 +0000  16932 bytes for ./assets/src/assets/icons/package.png
2023-12-24 10:49:43 +0000  copying file ./assets/src/assets/icons/free-wifi.png ... 
2023-12-24 10:49:43 +0000  16136 bytes for ./assets/src/assets/icons/free-wifi.png
2023-12-24 10:49:43 +0000  copying file ./assets/src/assets/icons/bar-chart.png ... 
2023-12-24 10:49:43 +0000  3543 bytes for ./assets/src/assets/icons/bar-chart.png
2023-12-24 10:49:43 +0000  copying file ./assets/src/assets/icons/response.png ... 
2023-12-24 10:49:43 +0000  19581 bytes for ./assets/src/assets/icons/response.png
2023-12-24 10:49:43 +0000  copying file ./assets/src/assets/icons/paw.png ... 
2023-12-24 10:49:43 +0000  25470 bytes for ./assets/src/assets/icons/paw.png
2023-12-24 10:49:43 +0000  copying file ./assets/src/assets/icons/location1.png ... 
2023-12-24 10:49:43 +0000  3200 bytes for ./assets/src/assets/icons/location1.png
2023-12-24 10:49:43 +0000  copying file ./assets/src/assets/icons/map.png ... 
2023-12-24 10:49:43 +0000  1079 bytes for ./assets/src/assets/icons/map.png
2023-12-24 10:49:43 +0000  copying file ./assets/src/assets/icons/coffee-machine.png ... 
2023-12-24 10:49:43 +0000  14561 bytes for ./assets/src/assets/icons/coffee-machine.png
2023-12-24 10:49:43 +0000  copying file ./assets/src/assets/icons/shower.png ... 
2023-12-24 10:49:43 +0000  6928 bytes for ./assets/src/assets/icons/shower.png
2023-12-24 10:49:43 +0000  copying file ./assets/src/assets/icons/fb.png ... 
2023-12-24 10:49:43 +0000  619 bytes for ./assets/src/assets/icons/fb.png
2023-12-24 10:49:43 +0000  copying file ./assets/src/assets/icons/cancel.png ... 
2023-12-24 10:49:43 +0000  1643 bytes for ./assets/src/assets/icons/cancel.png
2023-12-24 10:49:43 +0000  copying file ./assets/src/assets/icons/logout.png ... 
2023-12-24 10:49:43 +0000  905 bytes for ./assets/src/assets/icons/logout.png
2023-12-24 10:49:43 +0000  copying file ./assets/src/assets/icons/favourite.png ... 
2023-12-24 10:49:43 +0000  947 bytes for ./assets/src/assets/icons/favourite.png
2023-12-24 10:49:43 +0000  copying file ./assets/src/assets/icons/television.png ... 
2023-12-24 10:49:43 +0000  8176 bytes for ./assets/src/assets/icons/television.png
2023-12-24 10:49:43 +0000  copying file ./assets/src/assets/icons/visa.png ... 
2023-12-24 10:49:43 +0000  2522 bytes for ./assets/src/assets/icons/visa.png
2023-12-24 10:49:43 +0000  copying file ./assets/src/assets/icons/cleaning-cart.png ... 
2023-12-24 10:49:43 +0000  20176 bytes for ./assets/src/assets/icons/cleaning-cart.png
2023-12-24 10:49:43 +0000  copying file ./assets/src/assets/icons/dollar.png ... 
2023-12-24 10:49:43 +0000  1282 bytes for ./assets/src/assets/icons/dollar.png
copying file ./assets/src/assets/icons/home.png ... 
2023-12-24 10:49:43 +0000  612 bytes for ./assets/src/assets/icons/home.png
copying file ./assets/src/assets/icons/shop.png ... 
2023-12-24 10:49:43 +0000  9534 bytes for ./assets/src/assets/icons/shop.png
copying file ./assets/src/assets/icons/user.png ... 
2023-12-24 10:49:43 +0000  20144 bytes for ./assets/src/assets/icons/user.png
2023-12-24 10:49:43 +0000  copying file ./assets/src/assets/icons/fire-alarm.png ... 
2023-12-24 10:49:43 +0000  8901 bytes for ./assets/src/assets/icons/fire-alarm.png
2023-12-24 10:49:43 +0000  copying file ./assets/src/assets/icons/back-arrow.png ... 
2023-12-24 10:49:43 +0000  5004 bytes for ./assets/src/assets/icons/back-arrow.png
2023-12-24 10:49:43 +0000  copying file ./assets/src/assets/icons/on-button.png ... 
2023-12-24 10:49:43 +0000  13409 bytes for ./assets/src/assets/icons/on-button.png
2023-12-24 10:49:43 +0000  copying file ./assets/src/assets/icons/bed.png ... 
2023-12-24 10:49:43 +0000  5837 bytes for ./assets/src/assets/icons/bed.png
2023-12-24 10:49:43 +0000  copying file ./assets/src/assets/icons/grid.png ... 
2023-12-24 10:49:43 +0000  4369 bytes for ./assets/src/assets/icons/grid.png
2023-12-24 10:49:43 +0000  copying file ./assets/src/assets/icons/check_off.png ... 
2023-12-24 10:49:43 +0000  1593 bytes for ./assets/src/assets/icons/check_off.png
2023-12-24 10:49:43 +0000  copying file ./assets/src/assets/icons/search.png ... 
2023-12-24 10:49:43 +0000  1571 bytes for ./assets/src/assets/icons/search.png
2023-12-24 10:49:43 +0000  copying file ./assets/src/assets/icons/jacuzzi.png ... 
2023-12-24 10:49:43 +0000  6702 bytes for ./assets/src/assets/icons/jacuzzi.png
2023-12-24 10:49:43 +0000  copying file ./assets/src/assets/icons/heat.png ... 
2023-12-24 10:49:43 +0000  8786 bytes for ./assets/src/assets/icons/heat.png
copying file ./assets/src/assets/icons/minus.png ... 
2023-12-24 10:49:43 +0000  178 bytes for ./assets/src/assets/icons/minus.png
2023-12-24 10:49:43 +0000  copying file ./assets/src/assets/icons/apple.png ... 
2023-12-24 10:49:43 +0000  1667 bytes for ./assets/src/assets/icons/apple.png
copying file ./assets/src/assets/icons/parking.png ... 
2023-12-24 10:49:43 +0000  15165 bytes for ./assets/src/assets/icons/parking.png
2023-12-24 10:49:43 +0000  copying file ./assets/src/assets/icons/menu.png ... 
2023-12-24 10:49:43 +0000  186 bytes for ./assets/src/assets/icons/menu.png
2023-12-24 10:49:43 +0000  copying file ./assets/src/assets/icons/shopping-cart.png ... 
2023-12-24 10:49:43 +0000  8029 bytes for ./assets/src/assets/icons/shopping-cart.png
2023-12-24 10:49:43 +0000  copying file ./assets/src/assets/icons/navigator1.png ... 
2023-12-24 10:49:43 +0000  1006 bytes for ./assets/src/assets/icons/navigator1.png
2023-12-24 10:49:43 +0000  copying file ./assets/src/assets/icons/help.png ... 
2023-12-24 10:49:43 +0000  1274 bytes for ./assets/src/assets/icons/help.png
2023-12-24 10:49:43 +0000  copying file ./assets/src/assets/icons/grid-outline.png ... 
2023-12-24 10:49:43 +0000  6988 bytes for ./assets/src/assets/icons/grid-outline.png
2023-12-24 10:49:43 +0000  copying file ./assets/src/assets/icons/office.png ... 
2023-12-24 10:49:43 +0000  11498 bytes for ./assets/src/assets/icons/office.png
2023-12-24 10:49:43 +0000  copying file ./assets/src/assets/icons/cup.png ... 
2023-12-24 10:49:43 +0000  10702 bytes for ./assets/src/assets/icons/cup.png
2023-12-24 10:49:43 +0000  copying file ./assets/src/assets/icons/user-fill.png ... 
2023-12-24 10:49:43 +0000  7841 bytes for ./assets/src/assets/icons/user-fill.png
2023-12-24 10:49:43 +0000  copying file ./assets/src/assets/icons/scanner.png ... 
2023-12-24 10:49:43 +0000  5894 bytes for ./assets/src/assets/icons/scanner.png
copying file ./assets/src/assets/icons/double-bed.png ... 
2023-12-24 10:49:43 +0000  10653 bytes for ./assets/src/assets/icons/double-bed.png
2023-12-24 10:49:43 +0000  copying file ./assets/src/assets/icons/cross.png ... 
2023-12-24 10:49:43 +0000  703 bytes for ./assets/src/assets/icons/cross.png
2023-12-24 10:49:43 +0000  copying file ./assets/src/assets/icons/globe.png ... 
2023-12-24 10:49:43 +0000  15273 bytes for ./assets/src/assets/icons/globe.png
2023-12-24 10:49:43 +0000  copying file ./assets/src/assets/icons/laptop.png ... 
2023-12-24 10:49:43 +0000  3106 bytes for ./assets/src/assets/icons/laptop.png
2023-12-24 10:49:43 +0000  copying file ./assets/src/assets/icons/filter.png ... 
2023-12-24 10:49:43 +0000  1514 bytes for ./assets/src/assets/icons/filter.png
2023-12-24 10:49:43 +0000  copying file ./assets/src/assets/icons/smoke-detector.png ... 
2023-12-24 10:49:43 +0000  8609 bytes for ./assets/src/assets/icons/smoke-detector.png
2023-12-24 10:49:43 +0000  copying file ./assets/src/assets/icons/share.png ... 
2023-12-24 10:49:43 +0000  11655 bytes for ./assets/src/assets/icons/share.png
2023-12-24 10:49:43 +0000  copying file ./assets/src/assets/icons/profile.png ... 
2023-12-24 10:49:43 +0000  960 bytes for ./assets/src/assets/icons/profile.png
2023-12-24 10:49:43 +0000  copying file ./assets/src/assets/icons/calories.png ... 
2023-12-24 10:49:43 +0000  17069 bytes for ./assets/src/assets/icons/calories.png
2023-12-24 10:49:43 +0000  copying file ./assets/src/assets/icons/eye.png ... 
2023-12-24 10:49:43 +0000  1894 bytes for ./assets/src/assets/icons/eye.png
2023-12-24 10:49:43 +0000  copying file ./assets/src/assets/icons/location.png ... 
2023-12-24 10:49:43 +0000  1303 bytes for ./assets/src/assets/icons/location.png
2023-12-24 10:49:43 +0000  copying file ./assets/src/assets/icons/phone.png ... 
2023-12-24 10:49:43 +0000  10821 bytes for ./assets/src/assets/icons/phone.png
2023-12-24 10:49:43 +0000  copying file ./assets/src/assets/icons/call.png ... 
2023-12-24 10:49:43 +0000  6955 bytes for ./assets/src/assets/icons/call.png
2023-12-24 10:49:43 +0000  copying file ./assets/src/assets/icons/clock.png ... 
2023-12-24 10:49:43 +0000  1810 bytes for ./assets/src/assets/icons/clock.png
2023-12-24 10:49:43 +0000  copying file ./assets/src/assets/icons/diamond.png ... 
2023-12-24 10:49:43 +0000  13988 bytes for ./assets/src/assets/icons/diamond.png
2023-12-24 10:49:43 +0000  copying file ./assets/src/assets/icons/delete.png ... 
2023-12-24 10:49:43 +0000  993 bytes for ./assets/src/assets/icons/delete.png
2023-12-24 10:49:43 +0000  copying file ./assets/src/assets/icons/pencil.png ... 
2023-12-24 10:49:43 +0000  6624 bytes for ./assets/src/assets/icons/pencil.png
2023-12-24 10:49:43 +0000  copying file ./assets/src/assets/icons/compass.png ... 
2023-12-24 10:49:43 +0000  24558 bytes for ./assets/src/assets/icons/compass.png
copying file ./assets/src/assets/icons/soap.png ... 
2023-12-24 10:49:43 +0000  15494 bytes for ./assets/src/assets/icons/soap.png
2023-12-24 10:49:43 +0000  copying file ./assets/src/assets/icons/washer.png ... 
2023-12-24 10:49:43 +0000  15784 bytes for ./assets/src/assets/icons/washer.png
copying file ./assets/src/assets/icons/kitchen.png ... 
2023-12-24 10:49:43 +0000  7928 bytes for ./assets/src/assets/icons/kitchen.png
2023-12-24 10:49:43 +0000  copying file ./assets/src/assets/icons/next.png ... 
2023-12-24 10:49:43 +0000  4939 bytes for ./assets/src/assets/icons/next.png
2023-12-24 10:49:43 +0000  copying file ./assets/src/assets/icons/star.png ... 
2023-12-24 10:49:43 +0000  715 bytes for ./assets/src/assets/icons/star.png
2023-12-24 10:49:43 +0000  copying file ./assets/src/assets/icons/plus-outline.png ... 
2023-12-24 10:49:43 +0000  15351 bytes for ./assets/src/assets/icons/plus-outline.png
2023-12-24 10:49:43 +0000  copying file ./assets/src/assets/icons/plus-fill.png ... 
2023-12-24 10:49:43 +0000  11440 bytes for ./assets/src/assets/icons/plus-fill.png
2023-12-24 10:49:43 +0000  copying file ./assets/src/assets/icons/armchair.png ... 
2023-12-24 10:49:43 +0000  10500 bytes for ./assets/src/assets/icons/armchair.png
2023-12-24 10:49:43 +0000  copying file ./assets/src/assets/icons/shopping-cart-outline.png ... 
2023-12-24 10:49:43 +0000  14590 bytes for ./assets/src/assets/icons/shopping-cart-outline.png
2023-12-24 10:49:43 +0000  copying file ./assets/src/assets/icons/toilet-paper.png ... 
2023-12-24 10:49:43 +0000  14399 bytes for ./assets/src/assets/icons/toilet-paper.png
2023-12-24 10:49:43 +0000  copying file ./assets/src/assets/icons/swim.png ... 
2023-12-24 10:49:43 +0000  15179 bytes for ./assets/src/assets/icons/swim.png
2023-12-24 10:49:43 +0000  copying file ./assets/src/assets/icons/mastercard.png ... 
2023-12-24 10:49:43 +0000  2022 bytes for ./assets/src/assets/icons/mastercard.png
2023-12-24 10:49:43 +0000  copying file ./assets/src/assets/icons/love.png ... 
2023-12-24 10:49:43 +0000  1051 bytes for ./assets/src/assets/icons/love.png
copying file ./assets/src/assets/icons/google.png ... 
2023-12-24 10:49:43 +0000  1854 bytes for ./assets/src/assets/icons/google.png
2023-12-24 10:49:43 +0000  copying file ./assets/src/assets/icons/notification.png ... 
2023-12-24 10:49:43 +0000  1196 bytes for ./assets/src/assets/icons/notification.png
2023-12-24 10:49:43 +0000  copying file ./assets/src/assets/icons/paypal.png ... 
2023-12-24 10:49:43 +0000  1708 bytes for ./assets/src/assets/icons/paypal.png
2023-12-24 10:49:43 +0000  copying file ./assets/src/assets/icons/coupon.png ... 
2023-12-24 10:49:43 +0000  1416 bytes for ./assets/src/assets/icons/coupon.png
2023-12-24 10:49:43 +0000  copying file ./assets/src/assets/icons/setting.png ... 
2023-12-24 10:49:43 +0000  1304 bytes for ./assets/src/assets/icons/setting.png
2023-12-24 10:49:43 +0000  copying file ./assets/src/assets/icons/back.png ... 
2023-12-24 10:49:43 +0000  554 bytes for ./assets/src/assets/icons/back.png
2023-12-24 10:49:43 +0000  copying file ./assets/src/assets/icons/time-fill.png ... 
2023-12-24 10:49:43 +0000  11568 bytes for ./assets/src/assets/icons/time-fill.png
2023-12-24 10:49:43 +0000  copying file ./assets/src/assets/icons/dotted_line.png ... 
2023-12-24 10:49:43 +0000  277 bytes for ./assets/src/assets/icons/dotted_line.png
2023-12-24 10:49:43 +0000  copying file ./assets/src/assets/icons/fire-extinguisher.png ... 
2023-12-24 10:49:43 +0000  10134 bytes for ./assets/src/assets/icons/fire-extinguisher.png
2023-12-24 10:49:43 +0000  copying file ./assets/src/assets/icons/lightbulb.png ... 
2023-12-24 10:49:43 +0000  16885 bytes for ./assets/src/assets/icons/lightbulb.png
2023-12-24 10:49:43 +0000  copying file ./assets/src/assets/icons/image.png ... 
2023-12-24 10:49:43 +0000  15905 bytes for ./assets/src/assets/icons/image.png
2023-12-24 10:49:43 +0000  copying file ./assets/src/assets/icons/burger.png ... 
2023-12-24 10:49:43 +0000  19985 bytes for ./assets/src/assets/icons/burger.png
2023-12-24 10:49:43 +0000  copying file ./assets/src/assets/icons/check_circle.png ... 
2023-12-24 10:49:43 +0000  2159 bytes for ./assets/src/assets/icons/check_circle.png
2023-12-24 10:49:43 +0000  copying file ./assets/src/assets/icons/check_on.png ... 
2023-12-24 10:49:43 +0000  1983 bytes for ./assets/src/assets/icons/check_on.png
2023-12-24 10:49:43 +0000  copying file ./assets/src/assets/icons/coins.png ... 
2023-12-24 10:49:43 +0000  20049 bytes for ./assets/src/assets/icons/coins.png
2023-12-24 10:49:43 +0000  copying file ./Roboto-Thin.ttf ... 
2023-12-24 10:49:43 +0000  130044 bytes for ./Roboto-Thin.ttf
2023-12-24 10:49:43 +0000  copying file ./Roboto-Black.ttf ... 
2023-12-24 10:49:43 +0000  142472 bytes for ./Roboto-Black.ttf
2023-12-24 10:49:43 +0000  copying file ./Poppins-Thin.ttf ... 
2023-12-24 10:49:43 +0000  161600 bytes for ./Poppins-Thin.ttf
2023-12-24 10:49:43 +0000  copying file ./Poppins-SemiBold.ttf ... 
2023-12-24 10:49:43 +0000  155192 bytes for ./Poppins-SemiBold.ttf
2023-12-24 10:49:43 +0000  copying file ./Poppins-Italic.ttf ... 
2023-12-24 10:49:43 +0000  181972 bytes for ./Poppins-Italic.ttf
2023-12-24 10:49:43 +0000  copying file ./Info.plist ... 
2023-12-24 10:49:43 +0000  8471 bytes for ./Info.plist
2023-12-24 10:49:43 +0000  copying file ./PkgInfo ... 
2023-12-24 10:49:43 +0000  8 bytes for ./PkgInfo
2023-12-24 10:49:43 +0000  copying file ./MaterialIcons.ttf ... 
2023-12-24 10:49:43 +0000  128180 bytes for ./MaterialIcons.ttf
2023-12-24 10:49:43 +0000  copying file ./Poppins-MediumItalic.ttf ... 
2023-12-24 10:49:43 +0000  180412 bytes for ./Poppins-MediumItalic.ttf
2023-12-24 10:49:43 +0000  /usr/bin/ditto exited with 0
2023-12-24 10:49:43 +0000  Processing step: IDEDistributionEmbedProfileStep
2023-12-24 10:49:43 +0000  Processing step: IDEDistributionInfoPlistStep
2023-12-24 10:49:43 +0000  Skipping step: IDEDistributionInfoPlistStep because it said so
2023-12-24 10:49:43 +0000  Processing step: IDEDistributionAppThinningPlistStep
2023-12-24 10:49:43 +0000  Skipping step: IDEDistributionAppThinningPlistStep because it said so
2023-12-24 10:49:43 +0000  Processing step: IDEDistributionCompileBitcodeStep
2023-12-24 10:49:43 +0000  Skipping step: IDEDistributionCompileBitcodeStep because it said so
2023-12-24 10:49:43 +0000  Processing step: IDEDistributionCodeSlimmingStep
2023-12-24 10:49:43 +0000  Processing step: IDEDistributionCopyBCSymbolMapsStep
2023-12-24 10:49:43 +0000  Skipping step: IDEDistributionCopyBCSymbolMapsStep because it said so
2023-12-24 10:49:43 +0000  Processing step: IDEDistributionSymbolsStep
2023-12-24 10:49:43 +0000  Skipping step: IDEDistributionSymbolsStep because it said so
2023-12-24 10:49:43 +0000  Processing step: IDEDistributionAppThinningStep
2023-12-24 10:49:43 +0000  Skipping step: IDEDistributionAppThinningStep because it said so
2023-12-24 10:49:43 +0000  Processing step: IDEDistributionArchThinningStep
2023-12-24 10:49:43 +0000  Running /Applications/Xcode.app/Contents/Developer/Toolchains/XcodeDefault.xctoolchain/usr/bin/lipo '/var/folders/wn/w8kf46y936l3v6vtjx8r79400000gn/T/XcodeDistPipeline.~~~mPhdoy/Root/Payload/app_tubayo.app/app_tubayo' '-verify_arch' 'arm64e'
2023-12-24 10:49:43 +0000  /Applications/Xcode.app/Contents/Developer/Toolchains/XcodeDefault.xctoolchain/usr/bin/lipo exited with 1
2023-12-24 10:49:43 +0000  Skipping architecture thinning for item "app_tubayo" because arch "arm64e" wasn't found
2023-12-24 10:49:43 +0000  Processing step: IDEDistributionODRStep
2023-12-24 10:49:43 +0000  Processing step: IDEDistributionStripXattrsStep
2023-12-24 10:49:43 +0000  Running /usr/bin/xattr '-crs' '/var/folders/wn/w8kf46y936l3v6vtjx8r79400000gn/T/XcodeDistPipeline.~~~mPhdoy/Root/Payload/app_tubayo.app'
2023-12-24 10:49:43 +0000  /usr/bin/xattr exited with 0
2023-12-24 10:49:43 +0000  Processing step: IDEDistributionCodesignStep
2023-12-24 10:49:43 +0000  Entitlements for <IDEDistributionItem: 0x60003d358d20; bundleID='com.app-tubayo', path='<DVTFilePath:0x600029f5b720:'/Users/user/Library/Developer/Xcode/Archives/2023-12-24/app_tubayo 24-12-2023, 13.48.xcarchive/Products/Applications/app_tubayo.app'>', codeSigningInfo='<_DVTCodeSigningInformation_Path: 0x6000294165d0; isSigned='1', isAdHocSigned='0', signingCertificate='<DVTSigningCertificate: 0x6000040754a0; name='Apple Development: Namanya Brian (89U8Q79682)', hash='834B0FFB0E78FC01863E921CDCFA7548ABB81474', serialNumber='6E6B03476B2CB6BE6DB40BC959D574B6', certificateKinds='(
    "1.2.840.113635.100.6.1.12",
    "1.2.840.113635.100.6.1.2"
), issueDate='2023-12-24 09:57:55 +0000''>', entitlements='{
    "application-identifier" = "2HFB6JVCW6.com.app-tubayo";
    "aps-environment" = development;
    "com.apple.developer.applesignin" =     (
        Default
    );
    "com.apple.developer.associated-domains" =     (
        "applinks:tubayo.page.link"
    );
    "com.apple.developer.team-identifier" = 2HFB6JVCW6;
    "get-task-allow" = 1;
}', teamID='2HFB6JVCW6', identifier='com.app-tubayo', executablePath='<DVTFilePath:0x600029e50460:'/Users/user/Library/Developer/Xcode/Archives/2023-12-24/app_tubayo 24-12-2023, 13.48.xcarchive/Products/Applications/app_tubayo.app/app_tubayo'>', hardenedRuntime='0'>'>: {
    "application-identifier" = "2HFB6JVCW6.com.app-tubayo";
    "aps-environment" = development;
    "com.apple.developer.applesignin" =     (
        Default
    );
    "com.apple.developer.associated-domains" =     (
        "applinks:tubayo.page.link"
    );
    "com.apple.developer.team-identifier" = 2HFB6JVCW6;
    "get-task-allow" = 1;
}
2023-12-24 10:49:43 +0000  Entitlements for <IDEDistributionItem: 0x60003d358d20; bundleID='com.app-tubayo', path='<DVTFilePath:0x600029f5b720:'/Users/user/Library/Developer/Xcode/Archives/2023-12-24/app_tubayo 24-12-2023, 13.48.xcarchive/Products/Applications/app_tubayo.app'>', codeSigningInfo='<_DVTCodeSigningInformation_Path: 0x6000294165d0; isSigned='1', isAdHocSigned='0', signingCertificate='<DVTSigningCertificate: 0x600004017860; name='Apple Development: Namanya Brian (89U8Q79682)', hash='834B0FFB0E78FC01863E921CDCFA7548ABB81474', serialNumber='6E6B03476B2CB6BE6DB40BC959D574B6', certificateKinds='(
    "1.2.840.113635.100.6.1.12",
    "1.2.840.113635.100.6.1.2"
), issueDate='2023-12-24 09:57:55 +0000''>', entitlements='{
    "application-identifier" = "2HFB6JVCW6.com.app-tubayo";
    "aps-environment" = development;
    "com.apple.developer.applesignin" =     (
        Default
    );
    "com.apple.developer.associated-domains" =     (
        "applinks:tubayo.page.link"
    );
    "com.apple.developer.team-identifier" = 2HFB6JVCW6;
    "get-task-allow" = 1;
}', teamID='2HFB6JVCW6', identifier='com.app-tubayo', executablePath='<DVTFilePath:0x600029e50460:'/Users/user/Library/Developer/Xcode/Archives/2023-12-24/app_tubayo 24-12-2023, 13.48.xcarchive/Products/Applications/app_tubayo.app/app_tubayo'>', hardenedRuntime='0'>'> are: {
    "application-identifier" = "2HFB6JVCW6.com.app-tubayo";
    "aps-environment" = development;
    "com.apple.developer.applesignin" =     (
        Default
    );
    "com.apple.developer.associated-domains" =     (
        "applinks:tubayo.page.link"
    );
    "com.apple.developer.team-identifier" = 2HFB6JVCW6;
    "get-task-allow" = 1;
}
2023-12-24 10:49:43 +0000  Writing entitlements for <IDEDistributionItem: 0x60003d358d20; bundleID='com.app-tubayo', path='<DVTFilePath:0x600029f5b720:'/Users/user/Library/Developer/Xcode/Archives/2023-12-24/app_tubayo 24-12-2023, 13.48.xcarchive/Products/Applications/app_tubayo.app'>', codeSigningInfo='<_DVTCodeSigningInformation_Path: 0x6000294165d0; isSigned='1', isAdHocSigned='0', signingCertificate='<DVTSigningCertificate: 0x600004001b80; name='Apple Development: Namanya Brian (89U8Q79682)', hash='834B0FFB0E78FC01863E921CDCFA7548ABB81474', serialNumber='6E6B03476B2CB6BE6DB40BC959D574B6', certificateKinds='(
    "1.2.840.113635.100.6.1.12",
    "1.2.840.113635.100.6.1.2"
), issueDate='2023-12-24 09:57:55 +0000''>', entitlements='{
    "application-identifier" = "2HFB6JVCW6.com.app-tubayo";
    "aps-environment" = development;
    "com.apple.developer.applesignin" =     (
        Default
    );
    "com.apple.developer.associated-domains" =     (
        "applinks:tubayo.page.link"
    );
    "com.apple.developer.team-identifier" = 2HFB6JVCW6;
    "get-task-allow" = 1;
}', teamID='2HFB6JVCW6', identifier='com.app-tubayo', executablePath='<DVTFilePath:0x600029e50460:'/Users/user/Library/Developer/Xcode/Archives/2023-12-24/app_tubayo 24-12-2023, 13.48.xcarchive/Products/Applications/app_tubayo.app/app_tubayo'>', hardenedRuntime='0'>'> to: /var/folders/wn/w8kf46y936l3v6vtjx8r79400000gn/T/XcodeDistPipeline.~~~mPhdoy/entitlements~~~bmu7li
2023-12-24 10:49:43 +0000  Running /usr/bin/codesign '-vvv' '--force' '--sign' '834B0FFB0E78FC01863E921CDCFA7548ABB81474' '--entitlements' '/var/folders/wn/w8kf46y936l3v6vtjx8r79400000gn/T/XcodeDistPipeline.~~~mPhdoy/entitlements~~~bmu7li' '--generate-entitlement-der' '--preserve-metadata=identifier,flags,runtime' '/var/folders/wn/w8kf46y936l3v6vtjx8r79400000gn/T/XcodeDistPipeline.~~~mPhdoy/Root/Payload/app_tubayo.app'
2023-12-24 10:49:44 +0000  /var/folders/wn/w8kf46y936l3v6vtjx8r79400000gn/T/XcodeDistPipeline.~~~mPhdoy/Root/Payload/app_tubayo.app: replacing existing signature
2023-12-24 10:49:51 +0000  /var/folders/wn/w8kf46y936l3v6vtjx8r79400000gn/T/XcodeDistPipeline.~~~mPhdoy/Root/Payload/app_tubayo.app: signed app bundle with Mach-O thin (arm64) [com.app-tubayo]
2023-12-24 10:49:51 +0000  /usr/bin/codesign exited with 0
2023-12-24 10:49:51 +0000  Processing step: IDEDistributionZipODRItemStep
2023-12-24 10:49:51 +0000  Skipping step: IDEDistributionZipODRItemStep because it said so
2023-12-24 10:49:51 +0000  Processing step: IDEDistributionCreateIPAStep
2023-12-24 10:49:51 +0000  Running /usr/bin/ditto '-V' '-c' '-k' '--norsrc' '/var/folders/wn/w8kf46y936l3v6vtjx8r79400000gn/T/XcodeDistPipeline.~~~mPhdoy/Root' '/var/folders/wn/w8kf46y936l3v6vtjx8r79400000gn/T/XcodeDistPipeline.~~~mPhdoy/Packages/app_tubayo.ipa'
2023-12-24 10:49:51 +0000  >>> Copying /var/folders/wn/w8kf46y936l3v6vtjx8r79400000gn/T/XcodeDistPipeline.~~~mPhdoy/Root 
2023-12-24 10:49:51 +0000  copying file ./Payload/app_tubayo.app/_CodeSignature/CodeResources ... 
2023-12-24 10:49:51 +0000  194699 bytes for ./Payload/app_tubayo.app/_CodeSignature/CodeResources
2023-12-24 10:49:51 +0000  copying file ./Payload/app_tubayo.app/Fontisto.ttf ... 
2023-12-24 10:49:51 +0000  313528 bytes for ./Payload/app_tubayo.app/Fontisto.ttf
2023-12-24 10:49:51 +0000  copying file ./Payload/app_tubayo.app/Octicons.ttf ... 
2023-12-24 10:49:51 +0000  28364 bytes for ./Payload/app_tubayo.app/Octicons.ttf
2023-12-24 10:49:51 +0000  copying file ./Payload/app_tubayo.app/Roboto-Medium.ttf ... 
2023-12-24 10:49:51 +0000  137308 bytes for ./Payload/app_tubayo.app/Roboto-Medium.ttf
2023-12-24 10:49:51 +0000  copying file ./Payload/app_tubayo.app/Feather.ttf ... 
2023-12-24 10:49:51 +0000  58272 bytes for ./Payload/app_tubayo.app/Feather.ttf
2023-12-24 10:49:51 +0000  copying file ./Payload/app_tubayo.app/Roboto-Light.ttf ... 
2023-12-24 10:49:51 +0000  140276 bytes for ./Payload/app_tubayo.app/Roboto-Light.ttf
2023-12-24 10:49:51 +0000  copying file ./Payload/app_tubayo.app/AppIcon20x20@2x.png ... 
1979 bytes for ./Payload/app_tubayo.app/AppIcon20x20@2x.png
2023-12-24 10:49:51 +0000  copying file ./Payload/app_tubayo.app/ComodoCaLimitedRsaCertificationAuthority.der ... 
1548 bytes for ./Payload/app_tubayo.app/ComodoCaLimitedRsaCertificationAuthority.der
2023-12-24 10:49:51 +0000  copying file ./Payload/app_tubayo.app/Entypo.ttf ... 
2023-12-24 10:49:51 +0000  65584 bytes for ./Payload/app_tubayo.app/Entypo.ttf
2023-12-24 10:49:51 +0000  copying file ./Payload/app_tubayo.app/Poppins-ExtraLight.ttf ... 
2023-12-24 10:49:51 +0000  161404 bytes for ./Payload/app_tubayo.app/Poppins-ExtraLight.ttf
2023-12-24 10:49:51 +0000  copying file ./Payload/app_tubayo.app/RobotoCondensed-Bold.ttf ... 
2023-12-24 10:49:51 +0000  141796 bytes for ./Payload/app_tubayo.app/RobotoCondensed-Bold.ttf
2023-12-24 10:49:51 +0000  copying file ./Payload/app_tubayo.app/Poppins-ThinItalic.ttf ... 
2023-12-24 10:49:51 +0000  186992 bytes for ./Payload/app_tubayo.app/Poppins-ThinItalic.ttf
2023-12-24 10:49:51 +0000  copying file ./Payload/app_tubayo.app/AppIcon20x20@3x.png ... 
2023-12-24 10:49:51 +0000  2758 bytes for ./Payload/app_tubayo.app/AppIcon20x20@3x.png
2023-12-24 10:49:51 +0000  copying file ./Payload/app_tubayo.app/GoogleMaps.bundle/bubble_left@3x.png ... 
2023-12-24 10:49:51 +0000  2386 bytes for ./Payload/app_tubayo.app/GoogleMaps.bundle/bubble_left@3x.png
2023-12-24 10:49:51 +0000  copying file ./Payload/app_tubayo.app/GoogleMaps.bundle/bubble_left.png ... 
2023-12-24 10:49:51 +0000  451 bytes for ./Payload/app_tubayo.app/GoogleMaps.bundle/bubble_left.png
2023-12-24 10:49:51 +0000  copying file ./Payload/app_tubayo.app/GoogleMaps.bundle/bubble_left@2x.png ... 
1055 bytes for ./Payload/app_tubayo.app/GoogleMaps.bundle/bubble_left@2x.png
2023-12-24 10:49:51 +0000  copying file ./Payload/app_tubayo.app/GoogleMaps.bundle/bubble_right@3x.png ... 
2023-12-24 10:49:51 +0000  2374 bytes for ./Payload/app_tubayo.app/GoogleMaps.bundle/bubble_right@3x.png
2023-12-24 10:49:51 +0000  copying file ./Payload/app_tubayo.app/GoogleMaps.bundle/ic_error.png ... 
236 bytes for ./Payload/app_tubayo.app/GoogleMaps.bundle/ic_error.png
2023-12-24 10:49:51 +0000  copying file ./Payload/app_tubayo.app/GoogleMaps.bundle/bubble_right@2x.png ... 
2023-12-24 10:49:51 +0000  1051 bytes for ./Payload/app_tubayo.app/GoogleMaps.bundle/bubble_right@2x.png
2023-12-24 10:49:51 +0000  copying file ./Payload/app_tubayo.app/GoogleMaps.bundle/GMSCoreResources.bundle/de.lproj/GMSCore.strings ... 
2023-12-24 10:49:51 +0000  3571 bytes for ./Payload/app_tubayo.app/GoogleMaps.bundle/GMSCoreResources.bundle/de.lproj/GMSCore.strings
2023-12-24 10:49:51 +0000  copying file ./Payload/app_tubayo.app/GoogleMaps.bundle/GMSCoreResources.bundle/he.lproj/GMSCore.strings ... 
2023-12-24 10:49:51 +0000  3684 bytes for ./Payload/app_tubayo.app/GoogleMaps.bundle/GMSCoreResources.bundle/he.lproj/GMSCore.strings
2023-12-24 10:49:51 +0000  copying file ./Payload/app_tubayo.app/GoogleMaps.bundle/GMSCoreResources.bundle/en_AU.lproj/GMSCore.strings ... 
2023-12-24 10:49:51 +0000  3340 bytes for ./Payload/app_tubayo.app/GoogleMaps.bundle/GMSCoreResources.bundle/en_AU.lproj/GMSCore.strings
2023-12-24 10:49:51 +0000  copying file ./Payload/app_tubayo.app/GoogleMaps.bundle/GMSCoreResources.bundle/ar.lproj/GMSCore.strings ... 
2023-12-24 10:49:51 +0000  4459 bytes for ./Payload/app_tubayo.app/GoogleMaps.bundle/GMSCoreResources.bundle/ar.lproj/GMSCore.strings
2023-12-24 10:49:51 +0000  copying file ./Payload/app_tubayo.app/GoogleMaps.bundle/GMSCoreResources.bundle/el.lproj/GMSCore.strings ... 
2023-12-24 10:49:51 +0000  3947 bytes for ./Payload/app_tubayo.app/GoogleMaps.bundle/GMSCoreResources.bundle/el.lproj/GMSCore.strings
2023-12-24 10:49:51 +0000  copying file ./Payload/app_tubayo.app/GoogleMaps.bundle/GMSCoreResources.bundle/ja.lproj/GMSCore.strings ... 
2023-12-24 10:49:51 +0000  3138 bytes for ./Payload/app_tubayo.app/GoogleMaps.bundle/GMSCoreResources.bundle/ja.lproj/GMSCore.strings
2023-12-24 10:49:51 +0000  copying file ./Payload/app_tubayo.app/GoogleMaps.bundle/GMSCoreResources.bundle/ic_qu_direction_mylocation@2x.png ... 
2023-12-24 10:49:51 +0000  663 bytes for ./Payload/app_tubayo.app/GoogleMaps.bundle/GMSCoreResources.bundle/ic_qu_direction_mylocation@2x.png
copying file ./Payload/app_tubayo.app/GoogleMaps.bundle/GMSCoreResources.bundle/en.lproj/GMSCore.strings ... 
2023-12-24 10:49:51 +0000  3323 bytes for ./Payload/app_tubayo.app/GoogleMaps.bundle/GMSCoreResources.bundle/en.lproj/GMSCore.strings
2023-12-24 10:49:51 +0000  copying file ./Payload/app_tubayo.app/GoogleMaps.bundle/GMSCoreResources.bundle/uk.lproj/GMSCore.strings ... 
2023-12-24 10:49:51 +0000  4204 bytes for ./Payload/app_tubayo.app/GoogleMaps.bundle/GMSCoreResources.bundle/uk.lproj/GMSCore.strings
2023-12-24 10:49:51 +0000  copying file ./Payload/app_tubayo.app/GoogleMaps.bundle/GMSCoreResources.bundle/ic_qu_direction_mylocation.png ... 
2023-12-24 10:49:51 +0000  362 bytes for ./Payload/app_tubayo.app/GoogleMaps.bundle/GMSCoreResources.bundle/ic_qu_direction_mylocation.png
2023-12-24 10:49:51 +0000  copying file ./Payload/app_tubayo.app/GoogleMaps.bundle/GMSCoreResources.bundle/es_419.lproj/GMSCore.strings ... 
2023-12-24 10:49:51 +0000  3619 bytes for ./Payload/app_tubayo.app/GoogleMaps.bundle/GMSCoreResources.bundle/es_419.lproj/GMSCore.strings
2023-12-24 10:49:51 +0000  copying file ./Payload/app_tubayo.app/GoogleMaps.bundle/GMSCoreResources.bundle/GMSSprites-0-1x.png ... 
2023-12-24 10:49:51 +0000  10597 bytes for ./Payload/app_tubayo.app/GoogleMaps.bundle/GMSCoreResources.bundle/GMSSprites-0-1x.png
2023-12-24 10:49:51 +0000  copying file ./Payload/app_tubayo.app/GoogleMaps.bundle/GMSCoreResources.bundle/ic_compass_needle_large@2x.png ... 
2023-12-24 10:49:51 +0000  2446 bytes for ./Payload/app_tubayo.app/GoogleMaps.bundle/GMSCoreResources.bundle/ic_compass_needle_large@2x.png
copying file ./Payload/app_tubayo.app/GoogleMaps.bundle/GMSCoreResources.bundle/ic_compass_needle_large@3x.png ... 
2023-12-24 10:49:51 +0000  3304 bytes for ./Payload/app_tubayo.app/GoogleMaps.bundle/GMSCoreResources.bundle/ic_compass_needle_large@3x.png
2023-12-24 10:49:51 +0000  copying file ./Payload/app_tubayo.app/GoogleMaps.bundle/GMSCoreResources.bundle/es_MX.lproj/GMSCore.strings ... 
2023-12-24 10:49:51 +0000  3619 bytes for ./Payload/app_tubayo.app/GoogleMaps.bundle/GMSCoreResources.bundle/es_MX.lproj/GMSCore.strings
2023-12-24 10:49:51 +0000  copying file ./Payload/app_tubayo.app/GoogleMaps.bundle/GMSCoreResources.bundle/ic_compass_needle_large.png ... 
1114 bytes for ./Payload/app_tubayo.app/GoogleMaps.bundle/GMSCoreResources.bundle/ic_compass_needle_large.png
2023-12-24 10:49:51 +0000  copying file ./Payload/app_tubayo.app/GoogleMaps.bundle/GMSCoreResources.bundle/zh_CN.lproj/GMSCore.strings ... 
2023-12-24 10:49:51 +0000  3114 bytes for ./Payload/app_tubayo.app/GoogleMaps.bundle/GMSCoreResources.bundle/zh_CN.lproj/GMSCore.strings
2023-12-24 10:49:51 +0000  copying file ./Payload/app_tubayo.app/GoogleMaps.bundle/GMSCoreResources.bundle/ic_qu_direction_mylocation@3x.png ... 
2023-12-24 10:49:51 +0000  1240 bytes for ./Payload/app_tubayo.app/GoogleMaps.bundle/GMSCoreResources.bundle/ic_qu_direction_mylocation@3x.png
copying file ./Payload/app_tubayo.app/GoogleMaps.bundle/GMSCoreResources.bundle/DroidSansMerged-Regular.ttf ... 
2023-12-24 10:49:51 +0000  392092 bytes for ./Payload/app_tubayo.app/GoogleMaps.bundle/GMSCoreResources.bundle/DroidSansMerged-Regular.ttf
2023-12-24 10:49:51 +0000  copying file ./Payload/app_tubayo.app/GoogleMaps.bundle/GMSCoreResources.bundle/nb.lproj/GMSCore.strings ... 
2023-12-24 10:49:51 +0000  3497 bytes for ./Payload/app_tubayo.app/GoogleMaps.bundle/GMSCoreResources.bundle/nb.lproj/GMSCore.strings
2023-12-24 10:49:51 +0000  copying file ./Payload/app_tubayo.app/GoogleMaps.bundle/GMSCoreResources.bundle/es.lproj/GMSCore.strings ... 
2023-12-24 10:49:51 +0000  3620 bytes for ./Payload/app_tubayo.app/GoogleMaps.bundle/GMSCoreResources.bundle/es.lproj/GMSCore.strings
2023-12-24 10:49:51 +0000  copying file ./Payload/app_tubayo.app/GoogleMaps.bundle/GMSCoreResources.bundle/pt_BR.lproj/GMSCore.strings ... 
2023-12-24 10:49:51 +0000  3668 bytes for ./Payload/app_tubayo.app/GoogleMaps.bundle/GMSCoreResources.bundle/pt_BR.lproj/GMSCore.strings
2023-12-24 10:49:51 +0000  copying file ./Payload/app_tubayo.app/GoogleMaps.bundle/GMSCoreResources.bundle/da.lproj/GMSCore.strings ... 
2023-12-24 10:49:51 +0000  3584 bytes for ./Payload/app_tubayo.app/GoogleMaps.bundle/GMSCoreResources.bundle/da.lproj/GMSCore.strings
2023-12-24 10:49:51 +0000  copying file ./Payload/app_tubayo.app/GoogleMaps.bundle/GMSCoreResources.bundle/ic_location_off@3x.png ... 
2023-12-24 10:49:51 +0000  1577 bytes for ./Payload/app_tubayo.app/GoogleMaps.bundle/GMSCoreResources.bundle/ic_location_off@3x.png
2023-12-24 10:49:51 +0000  copying file ./Payload/app_tubayo.app/GoogleMaps.bundle/GMSCoreResources.bundle/it.lproj/GMSCore.strings ... 
2023-12-24 10:49:51 +0000  3395 bytes for ./Payload/app_tubayo.app/GoogleMaps.bundle/GMSCoreResources.bundle/it.lproj/GMSCore.strings
2023-12-24 10:49:51 +0000  copying file ./Payload/app_tubayo.app/GoogleMaps.bundle/GMSCoreResources.bundle/sk.lproj/GMSCore.strings ... 
2023-12-24 10:49:51 +0000  3679 bytes for ./Payload/app_tubayo.app/GoogleMaps.bundle/GMSCoreResources.bundle/sk.lproj/GMSCore.strings
2023-12-24 10:49:51 +0000  copying file ./Payload/app_tubayo.app/GoogleMaps.bundle/GMSCoreResources.bundle/GMSNavSprites-0-3x.png ... 
2023-12-24 10:49:51 +0000  20924 bytes for ./Payload/app_tubayo.app/GoogleMaps.bundle/GMSCoreResources.bundle/GMSNavSprites-0-3x.png
2023-12-24 10:49:51 +0000  copying file ./Payload/app_tubayo.app/GoogleMaps.bundle/GMSCoreResources.bundle/pt_PT.lproj/GMSCore.strings ... 
2023-12-24 10:49:51 +0000  3651 bytes for ./Payload/app_tubayo.app/GoogleMaps.bundle/GMSCoreResources.bundle/pt_PT.lproj/GMSCore.strings
2023-12-24 10:49:51 +0000  copying file ./Payload/app_tubayo.app/GoogleMaps.bundle/GMSCoreResources.bundle/button_compass_night.png ... 
2023-12-24 10:49:51 +0000  720 bytes for ./Payload/app_tubayo.app/GoogleMaps.bundle/GMSCoreResources.bundle/button_compass_night.png
copying file ./Payload/app_tubayo.app/GoogleMaps.bundle/GMSCoreResources.bundle/button_my_location.png ... 
2023-12-24 10:49:51 +0000  492 bytes for ./Payload/app_tubayo.app/GoogleMaps.bundle/GMSCoreResources.bundle/button_my_location.png
copying file ./Payload/app_tubayo.app/GoogleMaps.bundle/GMSCoreResources.bundle/road_16-4.png ... 
2023-12-24 10:49:51 +0000  127 bytes for ./Payload/app_tubayo.app/GoogleMaps.bundle/GMSCoreResources.bundle/road_16-4.png
2023-12-24 10:49:51 +0000  copying file ./Payload/app_tubayo.app/GoogleMaps.bundle/GMSCoreResources.bundle/ms.lproj/GMSCore.strings ... 
2023-12-24 10:49:51 +0000  3279 bytes for ./Payload/app_tubayo.app/GoogleMaps.bundle/GMSCoreResources.bundle/ms.lproj/GMSCore.strings
2023-12-24 10:49:51 +0000  copying file ./Payload/app_tubayo.app/GoogleMaps.bundle/GMSCoreResources.bundle/road_256-64.png ... 
2023-12-24 10:49:51 +0000  1934 bytes for ./Payload/app_tubayo.app/GoogleMaps.bundle/GMSCoreResources.bundle/road_256-64.png
2023-12-24 10:49:51 +0000  copying file ./Payload/app_tubayo.app/GoogleMaps.bundle/GMSCoreResources.bundle/button_compass.png ... 
2023-12-24 10:49:51 +0000  631 bytes for ./Payload/app_tubayo.app/GoogleMaps.bundle/GMSCoreResources.bundle/button_compass.png
2023-12-24 10:49:51 +0000  copying file ./Payload/app_tubayo.app/GoogleMaps.bundle/GMSCoreResources.bundle/sv.lproj/GMSCore.strings ... 
2023-12-24 10:49:51 +0000  3717 bytes for ./Payload/app_tubayo.app/GoogleMaps.bundle/GMSCoreResources.bundle/sv.lproj/GMSCore.strings
2023-12-24 10:49:51 +0000  copying file ./Payload/app_tubayo.app/GoogleMaps.bundle/GMSCoreResources.bundle/road_8-2.png ... 
2023-12-24 10:49:51 +0000  93 bytes for ./Payload/app_tubayo.app/GoogleMaps.bundle/GMSCoreResources.bundle/road_8-2.png
2023-12-24 10:49:51 +0000  copying file ./Payload/app_tubayo.app/GoogleMaps.bundle/GMSCoreResources.bundle/cs.lproj/GMSCore.strings ... 
2023-12-24 10:49:51 +0000  3914 bytes for ./Payload/app_tubayo.app/GoogleMaps.bundle/GMSCoreResources.bundle/cs.lproj/GMSCore.strings
2023-12-24 10:49:51 +0000  copying file ./Payload/app_tubayo.app/GoogleMaps.bundle/GMSCoreResources.bundle/button_background.png ... 
2023-12-24 10:49:51 +0000  334 bytes for ./Payload/app_tubayo.app/GoogleMaps.bundle/GMSCoreResources.bundle/button_background.png
copying file ./Payload/app_tubayo.app/GoogleMaps.bundle/GMSCoreResources.bundle/GMSNavNightModeSprites-0-1x.png ... 
2023-12-24 10:49:51 +0000  3393 bytes for ./Payload/app_tubayo.app/GoogleMaps.bundle/GMSCoreResources.bundle/GMSNavNightModeSprites-0-1x.png
2023-12-24 10:49:51 +0000  copying file ./Payload/app_tubayo.app/GoogleMaps.bundle/GMSCoreResources.bundle/button_my_location@2x.png ... 
2023-12-24 10:49:51 +0000  1229 bytes for ./Payload/app_tubayo.app/GoogleMaps.bundle/GMSCoreResources.bundle/button_my_location@2x.png
2023-12-24 10:49:51 +0000  copying file ./Payload/app_tubayo.app/GoogleMaps.bundle/GMSCoreResources.bundle/en_IN.lproj/GMSCore.strings ... 
2023-12-24 10:49:51 +0000  3340 bytes for ./Payload/app_tubayo.app/GoogleMaps.bundle/GMSCoreResources.bundle/en_IN.lproj/GMSCore.strings
2023-12-24 10:49:51 +0000  copying file ./Payload/app_tubayo.app/GoogleMaps.bundle/GMSCoreResources.bundle/ko.lproj/GMSCore.strings ... 
2023-12-24 10:49:51 +0000  3184 bytes for ./Payload/app_tubayo.app/GoogleMaps.bundle/GMSCoreResources.bundle/ko.lproj/GMSCore.strings
2023-12-24 10:49:51 +0000  copying file ./Payload/app_tubayo.app/GoogleMaps.bundle/GMSCoreResources.bundle/GMSNavSprites-0-2x.png ... 
2023-12-24 10:49:51 +0000  13321 bytes for ./Payload/app_tubayo.app/GoogleMaps.bundle/GMSCoreResources.bundle/GMSNavSprites-0-2x.png
2023-12-24 10:49:51 +0000  copying file ./Payload/app_tubayo.app/GoogleMaps.bundle/GMSCoreResources.bundle/ic_location_off@2x.png ... 
2023-12-24 10:49:51 +0000  860 bytes for ./Payload/app_tubayo.app/GoogleMaps.bundle/GMSCoreResources.bundle/ic_location_off@2x.png
2023-12-24 10:49:51 +0000  copying file ./Payload/app_tubayo.app/GoogleMaps.bundle/GMSCoreResources.bundle/GMSNavSprites-0-1x.png ... 
2023-12-24 10:49:51 +0000  5684 bytes for ./Payload/app_tubayo.app/GoogleMaps.bundle/GMSCoreResources.bundle/GMSNavSprites-0-1x.png
2023-12-24 10:49:51 +0000  copying file ./Payload/app_tubayo.app/GoogleMaps.bundle/GMSCoreResources.bundle/Tharlon-Regular.ttf ... 
2023-12-24 10:49:51 +0000  353228 bytes for ./Payload/app_tubayo.app/GoogleMaps.bundle/GMSCoreResources.bundle/Tharlon-Regular.ttf
2023-12-24 10:49:51 +0000  copying file ./Payload/app_tubayo.app/GoogleMaps.bundle/GMSCoreResources.bundle/hu.lproj/GMSCore.strings ... 
2023-12-24 10:49:51 +0000  3454 bytes for ./Payload/app_tubayo.app/GoogleMaps.bundle/GMSCoreResources.bundle/hu.lproj/GMSCore.strings
copying file ./Payload/app_tubayo.app/GoogleMaps.bundle/GMSCoreResources.bundle/zh_HK.lproj/GMSCore.strings ... 
3112 bytes for ./Payload/app_tubayo.app/GoogleMaps.bundle/GMSCoreResources.bundle/zh_HK.lproj/GMSCore.strings
copying file ./Payload/app_tubayo.app/GoogleMaps.bundle/GMSCoreResources.bundle/road_4-1.png ... 
74 bytes for ./Payload/app_tubayo.app/GoogleMaps.bundle/GMSCoreResources.bundle/road_4-1.png
copying file ./Payload/app_tubayo.app/GoogleMaps.bundle/GMSCoreResources.bundle/button_background@2x.png ... 
433 bytes for ./Payload/app_tubayo.app/GoogleMaps.bundle/GMSCoreResources.bundle/button_background@2x.png
copying file ./Payload/app_tubayo.app/GoogleMaps.bundle/GMSCoreResources.bundle/ic_compass_needle@2x.png ... 
992 bytes for ./Payload/app_tubayo.app/GoogleMaps.bundle/GMSCoreResources.bundle/ic_compass_needle@2x.png
copying file ./Payload/app_tubayo.app/GoogleMaps.bundle/GMSCoreResources.bundle/Assets.car ... 
2023-12-24 10:49:51 +0000  73656 bytes for ./Payload/app_tubayo.app/GoogleMaps.bundle/GMSCoreResources.bundle/Assets.car
2023-12-24 10:49:51 +0000  copying file ./Payload/app_tubayo.app/GoogleMaps.bundle/GMSCoreResources.bundle/tr.lproj/GMSCore.strings ... 
2023-12-24 10:49:51 +0000  3455 bytes for ./Payload/app_tubayo.app/GoogleMaps.bundle/GMSCoreResources.bundle/tr.lproj/GMSCore.strings
copying file ./Payload/app_tubayo.app/GoogleMaps.bundle/GMSCoreResources.bundle/pl.lproj/GMSCore.strings ... 
2023-12-24 10:49:51 +0000  3745 bytes for ./Payload/app_tubayo.app/GoogleMaps.bundle/GMSCoreResources.bundle/pl.lproj/GMSCore.strings
2023-12-24 10:49:51 +0000  copying file ./Payload/app_tubayo.app/GoogleMaps.bundle/GMSCoreResources.bundle/zh_TW.lproj/GMSCore.strings ... 
2023-12-24 10:49:51 +0000  3137 bytes for ./Payload/app_tubayo.app/GoogleMaps.bundle/GMSCoreResources.bundle/zh_TW.lproj/GMSCore.strings
2023-12-24 10:49:51 +0000  copying file ./Payload/app_tubayo.app/GoogleMaps.bundle/GMSCoreResources.bundle/GMSNavNightModeSprites-0-2x.png ... 
2023-12-24 10:49:51 +0000  7660 bytes for ./Payload/app_tubayo.app/GoogleMaps.bundle/GMSCoreResources.bundle/GMSNavNightModeSprites-0-2x.png
copying file ./Payload/app_tubayo.app/GoogleMaps.bundle/GMSCoreResources.bundle/GMSNavNightModeSprites-0-3x.png ... 
2023-12-24 10:49:51 +0000  12519 bytes for ./Payload/app_tubayo.app/GoogleMaps.bundle/GMSCoreResources.bundle/GMSNavNightModeSprites-0-3x.png
2023-12-24 10:49:51 +0000  copying file ./Payload/app_tubayo.app/GoogleMaps.bundle/GMSCoreResources.bundle/en_GB.lproj/GMSCore.strings ... 
2023-12-24 10:49:51 +0000  3340 bytes for ./Payload/app_tubayo.app/GoogleMaps.bundle/GMSCoreResources.bundle/en_GB.lproj/GMSCore.strings
copying file ./Payload/app_tubayo.app/GoogleMaps.bundle/GMSCoreResources.bundle/dav_one_way_16_256.png ... 
2023-12-24 10:49:51 +0000  315 bytes for ./Payload/app_tubayo.app/GoogleMaps.bundle/GMSCoreResources.bundle/dav_one_way_16_256.png
2023-12-24 10:49:51 +0000  copying file ./Payload/app_tubayo.app/GoogleMaps.bundle/GMSCoreResources.bundle/road_2-1.png ... 
84 bytes for ./Payload/app_tubayo.app/GoogleMaps.bundle/GMSCoreResources.bundle/road_2-1.png
2023-12-24 10:49:51 +0000  copying file ./Payload/app_tubayo.app/GoogleMaps.bundle/GMSCoreResources.bundle/vi.lproj/GMSCore.strings ... 
2023-12-24 10:49:51 +0000  3510 bytes for ./Payload/app_tubayo.app/GoogleMaps.bundle/GMSCoreResources.bundle/vi.lproj/GMSCore.strings
2023-12-24 10:49:51 +0000  copying file ./Payload/app_tubayo.app/GoogleMaps.bundle/GMSCoreResources.bundle/button_background@3x.png ... 
2023-12-24 10:49:51 +0000  515 bytes for ./Payload/app_tubayo.app/GoogleMaps.bundle/GMSCoreResources.bundle/button_background@3x.png
2023-12-24 10:49:51 +0000  copying file ./Payload/app_tubayo.app/GoogleMaps.bundle/GMSCoreResources.bundle/road_32-8.png ... 
2023-12-24 10:49:51 +0000  223 bytes for ./Payload/app_tubayo.app/GoogleMaps.bundle/GMSCoreResources.bundle/road_32-8.png
2023-12-24 10:49:51 +0000  copying file ./Payload/app_tubayo.app/GoogleMaps.bundle/GMSCoreResources.bundle/lv.lproj/GMSCore.strings ... 
2023-12-24 10:49:51 +0000  3897 bytes for ./Payload/app_tubayo.app/GoogleMaps.bundle/GMSCoreResources.bundle/lv.lproj/GMSCore.strings
2023-12-24 10:49:51 +0000  copying file ./Payload/app_tubayo.app/GoogleMaps.bundle/GMSCoreResources.bundle/lt.lproj/GMSCore.strings ... 
2023-12-24 10:49:51 +0000  3601 bytes for ./Payload/app_tubayo.app/GoogleMaps.bundle/GMSCoreResources.bundle/lt.lproj/GMSCore.strings
2023-12-24 10:49:51 +0000  copying file ./Payload/app_tubayo.app/GoogleMaps.bundle/GMSCoreResources.bundle/ru.lproj/GMSCore.strings ... 
2023-12-24 10:49:51 +0000  4024 bytes for ./Payload/app_tubayo.app/GoogleMaps.bundle/GMSCoreResources.bundle/ru.lproj/GMSCore.strings
2023-12-24 10:49:51 +0000  copying file ./Payload/app_tubayo.app/GoogleMaps.bundle/GMSCoreResources.bundle/polyline_colors_texture_dim.png ... 
2023-12-24 10:49:51 +0000  7485 bytes for ./Payload/app_tubayo.app/GoogleMaps.bundle/GMSCoreResources.bundle/polyline_colors_texture_dim.png
2023-12-24 10:49:51 +0000  copying file ./Payload/app_tubayo.app/GoogleMaps.bundle/GMSCoreResources.bundle/fr_CA.lproj/GMSCore.strings ... 
2023-12-24 10:49:51 +0000  3604 bytes for ./Payload/app_tubayo.app/GoogleMaps.bundle/GMSCoreResources.bundle/fr_CA.lproj/GMSCore.strings
2023-12-24 10:49:51 +0000  copying file ./Payload/app_tubayo.app/GoogleMaps.bundle/GMSCoreResources.bundle/road_128-32.png ... 
2023-12-24 10:49:51 +0000  1029 bytes for ./Payload/app_tubayo.app/GoogleMaps.bundle/GMSCoreResources.bundle/road_128-32.png
2023-12-24 10:49:51 +0000  copying file ./Payload/app_tubayo.app/GoogleMaps.bundle/GMSCoreResources.bundle/fr.lproj/GMSCore.strings ... 
2023-12-24 10:49:51 +0000  3895 bytes for ./Payload/app_tubayo.app/GoogleMaps.bundle/GMSCoreResources.bundle/fr.lproj/GMSCore.strings
2023-12-24 10:49:51 +0000  copying file ./Payload/app_tubayo.app/GoogleMaps.bundle/GMSCoreResources.bundle/fi.lproj/GMSCore.strings ... 
2023-12-24 10:49:51 +0000  3527 bytes for ./Payload/app_tubayo.app/GoogleMaps.bundle/GMSCoreResources.bundle/fi.lproj/GMSCore.strings
copying file ./Payload/app_tubayo.app/GoogleMaps.bundle/GMSCoreResources.bundle/id.lproj/GMSCore.strings ... 
2023-12-24 10:49:51 +0000  3261 bytes for ./Payload/app_tubayo.app/GoogleMaps.bundle/GMSCoreResources.bundle/id.lproj/GMSCore.strings
2023-12-24 10:49:51 +0000  copying file ./Payload/app_tubayo.app/GoogleMaps.bundle/GMSCoreResources.bundle/nl.lproj/GMSCore.strings ... 
2023-12-24 10:49:51 +0000  3421 bytes for ./Payload/app_tubayo.app/GoogleMaps.bundle/GMSCoreResources.bundle/nl.lproj/GMSCore.strings
2023-12-24 10:49:51 +0000  copying file ./Payload/app_tubayo.app/GoogleMaps.bundle/GMSCoreResources.bundle/th.lproj/GMSCore.strings ... 
2023-12-24 10:49:51 +0000  3458 bytes for ./Payload/app_tubayo.app/GoogleMaps.bundle/GMSCoreResources.bundle/th.lproj/GMSCore.strings
2023-12-24 10:49:51 +0000  copying file ./Payload/app_tubayo.app/GoogleMaps.bundle/GMSCoreResources.bundle/road_64-16.png ... 
2023-12-24 10:49:51 +0000  425 bytes for ./Payload/app_tubayo.app/GoogleMaps.bundle/GMSCoreResources.bundle/road_64-16.png
copying file ./Payload/app_tubayo.app/GoogleMaps.bundle/GMSCoreResources.bundle/GMSSprites-0-3x.png ... 
2023-12-24 10:49:51 +0000  43676 bytes for ./Payload/app_tubayo.app/GoogleMaps.bundle/GMSCoreResources.bundle/GMSSprites-0-3x.png
2023-12-24 10:49:51 +0000  copying file ./Payload/app_tubayo.app/GoogleMaps.bundle/GMSCoreResources.bundle/polyline_colors_texture.png ... 
2023-12-24 10:49:51 +0000  7433 bytes for ./Payload/app_tubayo.app/GoogleMaps.bundle/GMSCoreResources.bundle/polyline_colors_texture.png
2023-12-24 10:49:51 +0000  copying file ./Payload/app_tubayo.app/GoogleMaps.bundle/GMSCoreResources.bundle/ic_compass_needle.png ... 
2023-12-24 10:49:51 +0000  483 bytes for ./Payload/app_tubayo.app/GoogleMaps.bundle/GMSCoreResources.bundle/ic_compass_needle.png
copying file ./Payload/app_tubayo.app/GoogleMaps.bundle/GMSCoreResources.bundle/pt.lproj/GMSCore.strings ... 
2023-12-24 10:49:51 +0000  3668 bytes for ./Payload/app_tubayo.app/GoogleMaps.bundle/GMSCoreResources.bundle/pt.lproj/GMSCore.strings
2023-12-24 10:49:51 +0000  copying file ./Payload/app_tubayo.app/GoogleMaps.bundle/GMSCoreResources.bundle/road_1-1.png ... 
95 bytes for ./Payload/app_tubayo.app/GoogleMaps.bundle/GMSCoreResources.bundle/road_1-1.png
2023-12-24 10:49:51 +0000  copying file ./Payload/app_tubayo.app/GoogleMaps.bundle/GMSCoreResources.bundle/ic_location_off.png ... 
498 bytes for ./Payload/app_tubayo.app/GoogleMaps.bundle/GMSCoreResources.bundle/ic_location_off.png
2023-12-24 10:49:51 +0000  copying file ./Payload/app_tubayo.app/GoogleMaps.bundle/GMSCoreResources.bundle/ro.lproj/GMSCore.strings ... 
2023-12-24 10:49:51 +0000  3762 bytes for ./Payload/app_tubayo.app/GoogleMaps.bundle/GMSCoreResources.bundle/ro.lproj/GMSCore.strings
2023-12-24 10:49:51 +0000  copying file ./Payload/app_tubayo.app/GoogleMaps.bundle/GMSCoreResources.bundle/Info.plist ... 
364 bytes for ./Payload/app_tubayo.app/GoogleMaps.bundle/GMSCoreResources.bundle/Info.plist
2023-12-24 10:49:51 +0000  copying file ./Payload/app_tubayo.app/GoogleMaps.bundle/GMSCoreResources.bundle/GMSSprites-0-2x.png ... 
2023-12-24 10:49:51 +0000  24703 bytes for ./Payload/app_tubayo.app/GoogleMaps.bundle/GMSCoreResources.bundle/GMSSprites-0-2x.png
2023-12-24 10:49:51 +0000  copying file ./Payload/app_tubayo.app/GoogleMaps.bundle/GMSCoreResources.bundle/button_compass_night@2x.png ... 
2023-12-24 10:49:51 +0000  2221 bytes for ./Payload/app_tubayo.app/GoogleMaps.bundle/GMSCoreResources.bundle/button_compass_night@2x.png
copying file ./Payload/app_tubayo.app/GoogleMaps.bundle/GMSCoreResources.bundle/button_compass@2x.png ... 
2023-12-24 10:49:51 +0000  2560 bytes for ./Payload/app_tubayo.app/GoogleMaps.bundle/GMSCoreResources.bundle/button_compass@2x.png
2023-12-24 10:49:51 +0000  copying file ./Payload/app_tubayo.app/GoogleMaps.bundle/GMSCoreResources.bundle/hr.lproj/GMSCore.strings ... 
2023-12-24 10:49:51 +0000  3544 bytes for ./Payload/app_tubayo.app/GoogleMaps.bundle/GMSCoreResources.bundle/hr.lproj/GMSCore.strings
2023-12-24 10:49:51 +0000  copying file ./Payload/app_tubayo.app/GoogleMaps.bundle/GMSCoreResources.bundle/hi.lproj/GMSCore.strings ... 
2023-12-24 10:49:51 +0000  3516 bytes for ./Payload/app_tubayo.app/GoogleMaps.bundle/GMSCoreResources.bundle/hi.lproj/GMSCore.strings
2023-12-24 10:49:51 +0000  copying file ./Payload/app_tubayo.app/GoogleMaps.bundle/GMSCoreResources.bundle/ca.lproj/GMSCore.strings ... 
2023-12-24 10:49:51 +0000  3518 bytes for ./Payload/app_tubayo.app/GoogleMaps.bundle/GMSCoreResources.bundle/ca.lproj/GMSCore.strings
2023-12-24 10:49:51 +0000  copying file ./Payload/app_tubayo.app/GoogleMaps.bundle/default_marker.png ... 
2023-12-24 10:49:51 +0000  1379 bytes for ./Payload/app_tubayo.app/GoogleMaps.bundle/default_marker.png
2023-12-24 10:49:51 +0000  copying file ./Payload/app_tubayo.app/GoogleMaps.bundle/ic_error@3x.png ... 
2023-12-24 10:49:51 +0000  743 bytes for ./Payload/app_tubayo.app/GoogleMaps.bundle/ic_error@3x.png
copying file ./Payload/app_tubayo.app/GoogleMaps.bundle/oss_licenses_maps.txt.gz ... 
2023-12-24 10:49:51 +0000  51475 bytes for ./Payload/app_tubayo.app/GoogleMaps.bundle/oss_licenses_maps.txt.gz
2023-12-24 10:49:51 +0000  copying file ./Payload/app_tubayo.app/GoogleMaps.bundle/bubble_right.png ... 
455 bytes for ./Payload/app_tubayo.app/GoogleMaps.bundle/bubble_right.png
copying file ./Payload/app_tubayo.app/GoogleMaps.bundle/default_marker@3x.png ... 
2023-12-24 10:49:51 +0000  4275 bytes for ./Payload/app_tubayo.app/GoogleMaps.bundle/default_marker@3x.png
2023-12-24 10:49:51 +0000  copying file ./Payload/app_tubayo.app/GoogleMaps.bundle/default_marker@2x.png ... 
2023-12-24 10:49:51 +0000  2815 bytes for ./Payload/app_tubayo.app/GoogleMaps.bundle/default_marker@2x.png
2023-12-24 10:49:51 +0000  copying file ./Payload/app_tubayo.app/GoogleMaps.bundle/ic_error@2x.png ... 
454 bytes for ./Payload/app_tubayo.app/GoogleMaps.bundle/ic_error@2x.png
2023-12-24 10:49:51 +0000  copying file ./Payload/app_tubayo.app/GoogleMaps.bundle/GMSCacheStorage.momd/Storage.mom ... 
2023-12-24 10:49:51 +0000  4576 bytes for ./Payload/app_tubayo.app/GoogleMaps.bundle/GMSCacheStorage.momd/Storage.mom
2023-12-24 10:49:51 +0000  copying file ./Payload/app_tubayo.app/GoogleMaps.bundle/GMSCacheStorage.momd/VersionInfo.plist ... 
1197 bytes for ./Payload/app_tubayo.app/GoogleMaps.bundle/GMSCacheStorage.momd/VersionInfo.plist
copying file ./Payload/app_tubayo.app/GoogleMaps.bundle/GMSCacheStorage.momd/StorageWithTileProto.mom ... 
2023-12-24 10:49:51 +0000  5172 bytes for ./Payload/app_tubayo.app/GoogleMaps.bundle/GMSCacheStorage.momd/StorageWithTileProto.mom
2023-12-24 10:49:51 +0000  copying file ./Payload/app_tubayo.app/GoogleMaps.bundle/GMSCacheStorage.momd/StorageWithTileVersionID.mom ... 
2023-12-24 10:49:51 +0000  4682 bytes for ./Payload/app_tubayo.app/GoogleMaps.bundle/GMSCacheStorage.momd/StorageWithTileVersionID.mom
2023-12-24 10:49:51 +0000  copying file ./Payload/app_tubayo.app/GoogleMaps.bundle/GMSCacheStorage.momd/StorageWithTileProto.omo ... 
2023-12-24 10:49:51 +0000  11904 bytes for ./Payload/app_tubayo.app/GoogleMaps.bundle/GMSCacheStorage.momd/StorageWithTileProto.omo
2023-12-24 10:49:51 +0000  copying file ./Payload/app_tubayo.app/GoogleMaps.bundle/Info.plist ... 
366 bytes for ./Payload/app_tubayo.app/GoogleMaps.bundle/Info.plist
copying file ./Payload/app_tubayo.app/RobotoCondensed-Light.ttf ... 
2023-12-24 10:49:51 +0000  141384 bytes for ./Payload/app_tubayo.app/RobotoCondensed-Light.ttf
2023-12-24 10:49:51 +0000  copying file ./Payload/app_tubayo.app/QBImagePicker.bundle/de.lproj/QBImagePicker.strings ... 
2023-12-24 10:49:51 +0000  686 bytes for ./Payload/app_tubayo.app/QBImagePicker.bundle/de.lproj/QBImagePicker.strings
2023-12-24 10:49:51 +0000  copying file ./Payload/app_tubayo.app/QBImagePicker.bundle/zh-Hans.lproj/QBImagePicker.strings ... 
2023-12-24 10:49:51 +0000  738 bytes for ./Payload/app_tubayo.app/QBImagePicker.bundle/zh-Hans.lproj/QBImagePicker.strings
2023-12-24 10:49:51 +0000  copying file ./Payload/app_tubayo.app/QBImagePicker.bundle/ja.lproj/QBImagePicker.strings ... 
764 bytes for ./Payload/app_tubayo.app/QBImagePicker.bundle/ja.lproj/QBImagePicker.strings
2023-12-24 10:49:51 +0000  copying file ./Payload/app_tubayo.app/QBImagePicker.bundle/en.lproj/QBImagePicker.strings ... 
2023-12-24 10:49:51 +0000  681 bytes for ./Payload/app_tubayo.app/QBImagePicker.bundle/en.lproj/QBImagePicker.strings
2023-12-24 10:49:51 +0000  copying file ./Payload/app_tubayo.app/QBImagePicker.bundle/QBImagePicker.storyboardc/QiH-NZ-ZGN-view-sD2-zK-ryo.nib/runtime.nib ... 
2023-12-24 10:49:51 +0000  10216 bytes for ./Payload/app_tubayo.app/QBImagePicker.bundle/QBImagePicker.storyboardc/QiH-NZ-ZGN-view-sD2-zK-ryo.nib/runtime.nib
2023-12-24 10:49:51 +0000  copying file ./Payload/app_tubayo.app/QBImagePicker.bundle/QBImagePicker.storyboardc/QiH-NZ-ZGN-view-sD2-zK-ryo.nib/objects-12.3+.nib ... 
2023-12-24 10:49:51 +0000  10443 bytes for ./Payload/app_tubayo.app/QBImagePicker.bundle/QBImagePicker.storyboardc/QiH-NZ-ZGN-view-sD2-zK-ryo.nib/objects-12.3+.nib
2023-12-24 10:49:51 +0000  copying file ./Payload/app_tubayo.app/QBImagePicker.bundle/QBImagePicker.storyboardc/QBAlbumsViewController.nib/runtime.nib ... 
2023-12-24 10:49:51 +0000  1800 bytes for ./Payload/app_tubayo.app/QBImagePicker.bundle/QBImagePicker.storyboardc/QBAlbumsViewController.nib/runtime.nib
2023-12-24 10:49:51 +0000  copying file ./Payload/app_tubayo.app/QBImagePicker.bundle/QBImagePicker.storyboardc/QBAlbumsViewController.nib/objects-12.3+.nib ... 
2023-12-24 10:49:51 +0000  1800 bytes for ./Payload/app_tubayo.app/QBImagePicker.bundle/QBImagePicker.storyboardc/QBAlbumsViewController.nib/objects-12.3+.nib
copying file ./Payload/app_tubayo.app/QBImagePicker.bundle/QBImagePicker.storyboardc/QBAssetsViewController.nib/runtime.nib ... 
2023-12-24 10:49:51 +0000  1393 bytes for ./Payload/app_tubayo.app/QBImagePicker.bundle/QBImagePicker.storyboardc/QBAssetsViewController.nib/runtime.nib
copying file ./Payload/app_tubayo.app/QBImagePicker.bundle/QBImagePicker.storyboardc/QBAssetsViewController.nib/objects-12.3+.nib ... 
2023-12-24 10:49:51 +0000  1393 bytes for ./Payload/app_tubayo.app/QBImagePicker.bundle/QBImagePicker.storyboardc/QBAssetsViewController.nib/objects-12.3+.nib
2023-12-24 10:49:51 +0000  copying file ./Payload/app_tubayo.app/QBImagePicker.bundle/QBImagePicker.storyboardc/QL5-wR-LYt-view-66K-TS-Yoc.nib/runtime.nib ... 
2023-12-24 10:49:51 +0000  7161 bytes for ./Payload/app_tubayo.app/QBImagePicker.bundle/QBImagePicker.storyboardc/QL5-wR-LYt-view-66K-TS-Yoc.nib/runtime.nib
2023-12-24 10:49:51 +0000  copying file ./Payload/app_tubayo.app/QBImagePicker.bundle/QBImagePicker.storyboardc/QL5-wR-LYt-view-66K-TS-Yoc.nib/objects-12.3+.nib ... 
2023-12-24 10:49:51 +0000  7161 bytes for ./Payload/app_tubayo.app/QBImagePicker.bundle/QBImagePicker.storyboardc/QL5-wR-LYt-view-66K-TS-Yoc.nib/objects-12.3+.nib
2023-12-24 10:49:51 +0000  copying file ./Payload/app_tubayo.app/QBImagePicker.bundle/QBImagePicker.storyboardc/QBAlbumsNavigationController.nib/runtime.nib ... 
2023-12-24 10:49:51 +0000  2631 bytes for ./Payload/app_tubayo.app/QBImagePicker.bundle/QBImagePicker.storyboardc/QBAlbumsNavigationController.nib/runtime.nib
2023-12-24 10:49:51 +0000  copying file ./Payload/app_tubayo.app/QBImagePicker.bundle/QBImagePicker.storyboardc/QBAlbumsNavigationController.nib/objects-12.3+.nib ... 
2023-12-24 10:49:51 +0000  2631 bytes for ./Payload/app_tubayo.app/QBImagePicker.bundle/QBImagePicker.storyboardc/QBAlbumsNavigationController.nib/objects-12.3+.nib
2023-12-24 10:49:51 +0000  copying file ./Payload/app_tubayo.app/QBImagePicker.bundle/QBImagePicker.storyboardc/Info.plist ... 
289 bytes for ./Payload/app_tubayo.app/QBImagePicker.bundle/QBImagePicker.storyboardc/Info.plist
2023-12-24 10:49:51 +0000  copying file ./Payload/app_tubayo.app/QBImagePicker.bundle/es.lproj/QBImagePicker.strings ... 
2023-12-24 10:49:51 +0000  685 bytes for ./Payload/app_tubayo.app/QBImagePicker.bundle/es.lproj/QBImagePicker.strings
2023-12-24 10:49:51 +0000  copying file ./Payload/app_tubayo.app/QBImagePicker.bundle/pl.lproj/QBImagePicker.strings ... 
2023-12-24 10:49:51 +0000  702 bytes for ./Payload/app_tubayo.app/QBImagePicker.bundle/pl.lproj/QBImagePicker.strings
2023-12-24 10:49:51 +0000  copying file ./Payload/app_tubayo.app/QBImagePicker.bundle/fr.lproj/QBImagePicker.strings ... 
2023-12-24 10:49:51 +0000  702 bytes for ./Payload/app_tubayo.app/QBImagePicker.bundle/fr.lproj/QBImagePicker.strings
2023-12-24 10:49:51 +0000  copying file ./Payload/app_tubayo.app/QBImagePicker.bundle/Info.plist ... 
773 bytes for ./Payload/app_tubayo.app/QBImagePicker.bundle/Info.plist
2023-12-24 10:49:51 +0000  copying file ./Payload/app_tubayo.app/Poppins-ExtraLightItalic.ttf ... 
2023-12-24 10:49:51 +0000  186124 bytes for ./Payload/app_tubayo.app/Poppins-ExtraLightItalic.ttf
copying file ./Payload/app_tubayo.app/Poppins-BoldItalic.ttf ... 
2023-12-24 10:49:51 +0000  176552 bytes for ./Payload/app_tubayo.app/Poppins-BoldItalic.ttf
2023-12-24 10:49:51 +0000  copying file ./Payload/app_tubayo.app/FontAwesome5_Brands.ttf ... 
2023-12-24 10:49:51 +0000  132728 bytes for ./Payload/app_tubayo.app/FontAwesome5_Brands.ttf
2023-12-24 10:49:51 +0000  copying file ./Payload/app_tubayo.app/Poppins-Light.ttf ... 
2023-12-24 10:49:51 +0000  159848 bytes for ./Payload/app_tubayo.app/Poppins-Light.ttf
2023-12-24 10:49:51 +0000  copying file ./Payload/app_tubayo.app/MaterialCommunityIcons.ttf ... 
2023-12-24 10:49:52 +0000  899432 bytes for ./Payload/app_tubayo.app/MaterialCommunityIcons.ttf
2023-12-24 10:49:52 +0000  copying file ./Payload/app_tubayo.app/Poppins-Medium.ttf ... 
2023-12-24 10:49:52 +0000  156480 bytes for ./Payload/app_tubayo.app/Poppins-Medium.ttf
2023-12-24 10:49:52 +0000  copying file ./Payload/app_tubayo.app/Roboto-Regular.ttf ... 
2023-12-24 10:49:52 +0000  145348 bytes for ./Payload/app_tubayo.app/Roboto-Regular.ttf
2023-12-24 10:49:52 +0000  copying file ./Payload/app_tubayo.app/api.amplitude.com.der ... 
1369 bytes for ./Payload/app_tubayo.app/api.amplitude.com.der
copying file ./Payload/app_tubayo.app/app_tubayo ... 
2023-12-24 10:49:53 +0000  16282320 bytes for ./Payload/app_tubayo.app/app_tubayo
2023-12-24 10:49:53 +0000  copying file ./Payload/app_tubayo.app/Roboto-MediumItalic.ttf ... 
2023-12-24 10:49:53 +0000  147876 bytes for ./Payload/app_tubayo.app/Roboto-MediumItalic.ttf
2023-12-24 10:49:53 +0000  copying file ./Payload/app_tubayo.app/AppIcon60x60@2x.png ... 
7316 bytes for ./Payload/app_tubayo.app/AppIcon60x60@2x.png
2023-12-24 10:49:53 +0000  copying file ./Payload/app_tubayo.app/IQKeyboardManager.bundle/de.lproj/IQKeyboardManager.strings ... 
2023-12-24 10:49:53 +0000  489 bytes for ./Payload/app_tubayo.app/IQKeyboardManager.bundle/de.lproj/IQKeyboardManager.strings
2023-12-24 10:49:53 +0000  copying file ./Payload/app_tubayo.app/IQKeyboardManager.bundle/zh-Hans/IQKeyboardManager.strings ... 
2023-12-24 10:49:53 +0000  479 bytes for ./Payload/app_tubayo.app/IQKeyboardManager.bundle/zh-Hans/IQKeyboardManager.strings
2023-12-24 10:49:53 +0000  copying file ./Payload/app_tubayo.app/IQKeyboardManager.bundle/zh-Hant/IQKeyboardManager.strings ... 
2023-12-24 10:49:53 +0000  479 bytes for ./Payload/app_tubayo.app/IQKeyboardManager.bundle/zh-Hant/IQKeyboardManager.strings
2023-12-24 10:49:53 +0000  copying file ./Payload/app_tubayo.app/IQKeyboardManager.bundle/en.lproj/IQKeyboardManager.strings ... 
2023-12-24 10:49:53 +0000  474 bytes for ./Payload/app_tubayo.app/IQKeyboardManager.bundle/en.lproj/IQKeyboardManager.strings
2023-12-24 10:49:53 +0000  copying file ./Payload/app_tubayo.app/IQKeyboardManager.bundle/es.lproj/IQKeyboardManager.strings ... 
496 bytes for ./Payload/app_tubayo.app/IQKeyboardManager.bundle/es.lproj/IQKeyboardManager.strings
2023-12-24 10:49:53 +0000  copying file ./Payload/app_tubayo.app/IQKeyboardManager.bundle/IQButtonBarArrowRight@2x.png ... 
2023-12-24 10:49:53 +0000  1786 bytes for ./Payload/app_tubayo.app/IQKeyboardManager.bundle/IQButtonBarArrowRight@2x.png
2023-12-24 10:49:53 +0000  copying file ./Payload/app_tubayo.app/IQKeyboardManager.bundle/IQButtonBarArrowUp@3x.png ... 
2023-12-24 10:49:53 +0000  2164 bytes for ./Payload/app_tubayo.app/IQKeyboardManager.bundle/IQButtonBarArrowUp@3x.png
2023-12-24 10:49:53 +0000  copying file ./Payload/app_tubayo.app/IQKeyboardManager.bundle/IQButtonBarArrowUp@2x.png ... 
2023-12-24 10:49:53 +0000  1769 bytes for ./Payload/app_tubayo.app/IQKeyboardManager.bundle/IQButtonBarArrowUp@2x.png
2023-12-24 10:49:53 +0000  copying file ./Payload/app_tubayo.app/IQKeyboardManager.bundle/IQButtonBarArrowRight@3x.png ... 
2023-12-24 10:49:53 +0000  1844 bytes for ./Payload/app_tubayo.app/IQKeyboardManager.bundle/IQButtonBarArrowRight@3x.png
copying file ./Payload/app_tubayo.app/IQKeyboardManager.bundle/IQButtonBarArrowLeft@3x.png ... 
2023-12-24 10:49:53 +0000  1815 bytes for ./Payload/app_tubayo.app/IQKeyboardManager.bundle/IQButtonBarArrowLeft@3x.png
2023-12-24 10:49:53 +0000  copying file ./Payload/app_tubayo.app/IQKeyboardManager.bundle/fr.lproj/IQKeyboardManager.strings ... 
2023-12-24 10:49:53 +0000  497 bytes for ./Payload/app_tubayo.app/IQKeyboardManager.bundle/fr.lproj/IQKeyboardManager.strings
2023-12-24 10:49:53 +0000  copying file ./Payload/app_tubayo.app/IQKeyboardManager.bundle/IQButtonBarArrowDown@3x.png ... 
2023-12-24 10:49:53 +0000  2177 bytes for ./Payload/app_tubayo.app/IQKeyboardManager.bundle/IQButtonBarArrowDown@3x.png
copying file ./Payload/app_tubayo.app/IQKeyboardManager.bundle/IQButtonBarArrowDown@2x.png ... 
2023-12-24 10:49:53 +0000  1764 bytes for ./Payload/app_tubayo.app/IQKeyboardManager.bundle/IQButtonBarArrowDown@2x.png
2023-12-24 10:49:53 +0000  copying file ./Payload/app_tubayo.app/IQKeyboardManager.bundle/IQButtonBarArrowLeft@2x.png ... 
2023-12-24 10:49:53 +0000  1793 bytes for ./Payload/app_tubayo.app/IQKeyboardManager.bundle/IQButtonBarArrowLeft@2x.png
2023-12-24 10:49:53 +0000  copying file ./Payload/app_tubayo.app/AppIcon29x29@2x.png ... 
2023-12-24 10:49:53 +0000  2591 bytes for ./Payload/app_tubayo.app/AppIcon29x29@2x.png
2023-12-24 10:49:53 +0000  copying file ./Payload/app_tubayo.app/AntDesign.ttf ... 
2023-12-24 10:49:53 +0000  70344 bytes for ./Payload/app_tubayo.app/AntDesign.ttf
2023-12-24 10:49:53 +0000  copying file ./Payload/app_tubayo.app/RobotoCondensed-Italic.ttf ... 
2023-12-24 10:49:53 +0000  144404 bytes for ./Payload/app_tubayo.app/RobotoCondensed-Italic.ttf
2023-12-24 10:49:53 +0000  copying file ./Payload/app_tubayo.app/Launch Screen.storyboardc/01J-lp-oVM-view-Ze5-6b-2t3.nib ... 
2023-12-24 10:49:53 +0000  2537 bytes for ./Payload/app_tubayo.app/Launch Screen.storyboardc/01J-lp-oVM-view-Ze5-6b-2t3.nib
copying file ./Payload/app_tubayo.app/Launch Screen.storyboardc/UIViewController-01J-lp-oVM.nib ... 
2023-12-24 10:49:53 +0000  896 bytes for ./Payload/app_tubayo.app/Launch Screen.storyboardc/UIViewController-01J-lp-oVM.nib
copying file ./Payload/app_tubayo.app/Launch Screen.storyboardc/Info.plist ... 
2023-12-24 10:49:53 +0000  258 bytes for ./Payload/app_tubayo.app/Launch Screen.storyboardc/Info.plist
2023-12-24 10:49:53 +0000  copying file ./Payload/app_tubayo.app/AppIcon40x40@3x.png ... 
2023-12-24 10:49:53 +0000  7316 bytes for ./Payload/app_tubayo.app/AppIcon40x40@3x.png
2023-12-24 10:49:53 +0000  copying file ./Payload/app_tubayo.app/ComodoRsaDomainValidationCA.der ... 
2023-12-24 10:49:53 +0000  1548 bytes for ./Payload/app_tubayo.app/ComodoRsaDomainValidationCA.der
2023-12-24 10:49:53 +0000  copying file ./Payload/app_tubayo.app/RobotoCondensed-BoldItalic.ttf ... 
2023-12-24 10:49:53 +0000  145256 bytes for ./Payload/app_tubayo.app/RobotoCondensed-BoldItalic.ttf
2023-12-24 10:49:53 +0000  copying file ./Payload/app_tubayo.app/Foundation.ttf ... 
2023-12-24 10:49:53 +0000  56976 bytes for ./Payload/app_tubayo.app/Foundation.ttf
2023-12-24 10:49:53 +0000  copying file ./Payload/app_tubayo.app/Ionicons.ttf ... 
2023-12-24 10:49:53 +0000  247192 bytes for ./Payload/app_tubayo.app/Ionicons.ttf
2023-12-24 10:49:53 +0000  copying file ./Payload/app_tubayo.app/FontAwesome5_solid.ttf ... 
2023-12-24 10:49:53 +0000  202616 bytes for ./Payload/app_tubayo.app/FontAwesome5_solid.ttf
2023-12-24 10:49:53 +0000  copying file ./Payload/app_tubayo.app/Poppins-SemiBoldItalic.ttf ... 
2023-12-24 10:49:53 +0000  178548 bytes for ./Payload/app_tubayo.app/Poppins-SemiBoldItalic.ttf
2023-12-24 10:49:53 +0000  copying file ./Payload/app_tubayo.app/AppIcon40x40@2x.png ... 
2023-12-24 10:49:53 +0000  4988 bytes for ./Payload/app_tubayo.app/AppIcon40x40@2x.png
copying file ./Payload/app_tubayo.app/FontAwesome5_Regular.ttf ... 
2023-12-24 10:49:53 +0000  34092 bytes for ./Payload/app_tubayo.app/FontAwesome5_Regular.ttf
2023-12-24 10:49:53 +0000  copying file ./Payload/app_tubayo.app/AppIcon29x29@3x.png ... 
2023-12-24 10:49:53 +0000  5721 bytes for ./Payload/app_tubayo.app/AppIcon29x29@3x.png
2023-12-24 10:49:53 +0000  copying file ./Payload/app_tubayo.app/AccessibilityResources.bundle/en.lproj/Localizable.strings ... 
2023-12-24 10:49:53 +0000  518 bytes for ./Payload/app_tubayo.app/AccessibilityResources.bundle/en.lproj/Localizable.strings
copying file ./Payload/app_tubayo.app/AccessibilityResources.bundle/Info.plist ... 
2023-12-24 10:49:53 +0000  793 bytes for ./Payload/app_tubayo.app/AccessibilityResources.bundle/Info.plist
copying file ./Payload/app_tubayo.app/GoogleService-Info.plist ... 
2023-12-24 10:49:53 +0000  843 bytes for ./Payload/app_tubayo.app/GoogleService-Info.plist
2023-12-24 10:49:53 +0000  copying file ./Payload/app_tubayo.app/FacebookSDKStrings.bundle/Resources/de.lproj/FacebookSDK.strings ... 
2023-12-24 10:49:53 +0000  5174 bytes for ./Payload/app_tubayo.app/FacebookSDKStrings.bundle/Resources/de.lproj/FacebookSDK.strings
2023-12-24 10:49:53 +0000  copying file ./Payload/app_tubayo.app/FacebookSDKStrings.bundle/Resources/he.lproj/FacebookSDK.strings ... 
2023-12-24 10:49:53 +0000  5282 bytes for ./Payload/app_tubayo.app/FacebookSDKStrings.bundle/Resources/he.lproj/FacebookSDK.strings
2023-12-24 10:49:53 +0000  copying file ./Payload/app_tubayo.app/FacebookSDKStrings.bundle/Resources/ar.lproj/FacebookSDK.strings ... 
2023-12-24 10:49:53 +0000  5603 bytes for ./Payload/app_tubayo.app/FacebookSDKStrings.bundle/Resources/ar.lproj/FacebookSDK.strings
2023-12-24 10:49:53 +0000  copying file ./Payload/app_tubayo.app/FacebookSDKStrings.bundle/Resources/el.lproj/FacebookSDK.strings ... 
2023-12-24 10:49:53 +0000  6162 bytes for ./Payload/app_tubayo.app/FacebookSDKStrings.bundle/Resources/el.lproj/FacebookSDK.strings
2023-12-24 10:49:53 +0000  copying file ./Payload/app_tubayo.app/FacebookSDKStrings.bundle/Resources/ja.lproj/FacebookSDK.strings ... 
2023-12-24 10:49:53 +0000  5419 bytes for ./Payload/app_tubayo.app/FacebookSDKStrings.bundle/Resources/ja.lproj/FacebookSDK.strings
2023-12-24 10:49:53 +0000  copying file ./Payload/app_tubayo.app/FacebookSDKStrings.bundle/Resources/mr.lproj/FacebookSDK.strings ... 
2023-12-24 10:49:53 +0000  6747 bytes for ./Payload/app_tubayo.app/FacebookSDKStrings.bundle/Resources/mr.lproj/FacebookSDK.strings
2023-12-24 10:49:53 +0000  copying file ./Payload/app_tubayo.app/FacebookSDKStrings.bundle/Resources/en.lproj/FacebookSDK.strings ... 
2023-12-24 10:49:53 +0000  8672 bytes for ./Payload/app_tubayo.app/FacebookSDKStrings.bundle/Resources/en.lproj/FacebookSDK.strings
2023-12-24 10:49:53 +0000  copying file ./Payload/app_tubayo.app/FacebookSDKStrings.bundle/Resources/gu.lproj/FacebookSDK.strings ... 
2023-12-24 10:49:53 +0000  6757 bytes for ./Payload/app_tubayo.app/FacebookSDKStrings.bundle/Resources/gu.lproj/FacebookSDK.strings
2023-12-24 10:49:53 +0000  copying file ./Payload/app_tubayo.app/FacebookSDKStrings.bundle/Resources/kn.lproj/FacebookSDK.strings ... 
2023-12-24 10:49:53 +0000  5977 bytes for ./Payload/app_tubayo.app/FacebookSDKStrings.bundle/Resources/kn.lproj/FacebookSDK.strings
2023-12-24 10:49:53 +0000  copying file ./Payload/app_tubayo.app/FacebookSDKStrings.bundle/Resources/nb.lproj/FacebookSDK.strings ... 
2023-12-24 10:49:53 +0000  4911 bytes for ./Payload/app_tubayo.app/FacebookSDKStrings.bundle/Resources/nb.lproj/FacebookSDK.strings
2023-12-24 10:49:53 +0000  copying file ./Payload/app_tubayo.app/FacebookSDKStrings.bundle/Resources/pa.lproj/FacebookSDK.strings ... 
2023-12-24 10:49:53 +0000  6874 bytes for ./Payload/app_tubayo.app/FacebookSDKStrings.bundle/Resources/pa.lproj/FacebookSDK.strings
2023-12-24 10:49:53 +0000  copying file ./Payload/app_tubayo.app/FacebookSDKStrings.bundle/Resources/es.lproj/FacebookSDK.strings ... 
2023-12-24 10:49:53 +0000  5110 bytes for ./Payload/app_tubayo.app/FacebookSDKStrings.bundle/Resources/es.lproj/FacebookSDK.strings
2023-12-24 10:49:53 +0000  copying file ./Payload/app_tubayo.app/FacebookSDKStrings.bundle/Resources/da.lproj/FacebookSDK.strings ... 
2023-12-24 10:49:53 +0000  4975 bytes for ./Payload/app_tubayo.app/FacebookSDKStrings.bundle/Resources/da.lproj/FacebookSDK.strings
2023-12-24 10:49:53 +0000  copying file ./Payload/app_tubayo.app/FacebookSDKStrings.bundle/Resources/it.lproj/FacebookSDK.strings ... 
2023-12-24 10:49:53 +0000  5016 bytes for ./Payload/app_tubayo.app/FacebookSDKStrings.bundle/Resources/it.lproj/FacebookSDK.strings
2023-12-24 10:49:53 +0000  copying file ./Payload/app_tubayo.app/FacebookSDKStrings.bundle/Resources/sk.lproj/FacebookSDK.strings ... 
2023-12-24 10:49:53 +0000  5130 bytes for ./Payload/app_tubayo.app/FacebookSDKStrings.bundle/Resources/sk.lproj/FacebookSDK.strings
2023-12-24 10:49:53 +0000  copying file ./Payload/app_tubayo.app/FacebookSDKStrings.bundle/Resources/pt_PT.lproj/FacebookSDK.strings ... 
2023-12-24 10:49:53 +0000  5139 bytes for ./Payload/app_tubayo.app/FacebookSDKStrings.bundle/Resources/pt_PT.lproj/FacebookSDK.strings
2023-12-24 10:49:53 +0000  copying file ./Payload/app_tubayo.app/FacebookSDKStrings.bundle/Resources/ms.lproj/FacebookSDK.strings ... 
2023-12-24 10:49:53 +0000  4990 bytes for ./Payload/app_tubayo.app/FacebookSDKStrings.bundle/Resources/ms.lproj/FacebookSDK.strings
2023-12-24 10:49:53 +0000  copying file ./Payload/app_tubayo.app/FacebookSDKStrings.bundle/Resources/ta.lproj/FacebookSDK.strings ... 
2023-12-24 10:49:53 +0000  7039 bytes for ./Payload/app_tubayo.app/FacebookSDKStrings.bundle/Resources/ta.lproj/FacebookSDK.strings
2023-12-24 10:49:53 +0000  copying file ./Payload/app_tubayo.app/FacebookSDKStrings.bundle/Resources/ml.lproj/FacebookSDK.strings ... 
2023-12-24 10:49:53 +0000  7388 bytes for ./Payload/app_tubayo.app/FacebookSDKStrings.bundle/Resources/ml.lproj/FacebookSDK.strings
2023-12-24 10:49:53 +0000  copying file ./Payload/app_tubayo.app/FacebookSDKStrings.bundle/Resources/sv.lproj/FacebookSDK.strings ... 
2023-12-24 10:49:53 +0000  4940 bytes for ./Payload/app_tubayo.app/FacebookSDKStrings.bundle/Resources/sv.lproj/FacebookSDK.strings
2023-12-24 10:49:53 +0000  copying file ./Payload/app_tubayo.app/FacebookSDKStrings.bundle/Resources/te.lproj/FacebookSDK.strings ... 
2023-12-24 10:49:53 +0000  7083 bytes for ./Payload/app_tubayo.app/FacebookSDKStrings.bundle/Resources/te.lproj/FacebookSDK.strings
2023-12-24 10:49:53 +0000  copying file ./Payload/app_tubayo.app/FacebookSDKStrings.bundle/Resources/cs.lproj/FacebookSDK.strings ... 
2023-12-24 10:49:53 +0000  5115 bytes for ./Payload/app_tubayo.app/FacebookSDKStrings.bundle/Resources/cs.lproj/FacebookSDK.strings
2023-12-24 10:49:53 +0000  copying file ./Payload/app_tubayo.app/FacebookSDKStrings.bundle/Resources/ko.lproj/FacebookSDK.strings ... 
2023-12-24 10:49:53 +0000  5137 bytes for ./Payload/app_tubayo.app/FacebookSDKStrings.bundle/Resources/ko.lproj/FacebookSDK.strings
2023-12-24 10:49:53 +0000  copying file ./Payload/app_tubayo.app/FacebookSDKStrings.bundle/Resources/fil.lproj/FacebookSDK.strings ... 
2023-12-24 10:49:53 +0000  5137 bytes for ./Payload/app_tubayo.app/FacebookSDKStrings.bundle/Resources/fil.lproj/FacebookSDK.strings
2023-12-24 10:49:53 +0000  copying file ./Payload/app_tubayo.app/FacebookSDKStrings.bundle/Resources/hu.lproj/FacebookSDK.strings ... 
2023-12-24 10:49:53 +0000  5233 bytes for ./Payload/app_tubayo.app/FacebookSDKStrings.bundle/Resources/hu.lproj/FacebookSDK.strings
2023-12-24 10:49:53 +0000  copying file ./Payload/app_tubayo.app/FacebookSDKStrings.bundle/Resources/tr.lproj/FacebookSDK.strings ... 
2023-12-24 10:49:53 +0000  5006 bytes for ./Payload/app_tubayo.app/FacebookSDKStrings.bundle/Resources/tr.lproj/FacebookSDK.strings
2023-12-24 10:49:53 +0000  copying file ./Payload/app_tubayo.app/FacebookSDKStrings.bundle/Resources/pl.lproj/FacebookSDK.strings ... 
2023-12-24 10:49:53 +0000  5086 bytes for ./Payload/app_tubayo.app/FacebookSDKStrings.bundle/Resources/pl.lproj/FacebookSDK.strings
2023-12-24 10:49:53 +0000  copying file ./Payload/app_tubayo.app/FacebookSDKStrings.bundle/Resources/en_GB.lproj/FacebookSDK.strings ... 
2023-12-24 10:49:53 +0000  4509 bytes for ./Payload/app_tubayo.app/FacebookSDKStrings.bundle/Resources/en_GB.lproj/FacebookSDK.strings
2023-12-24 10:49:53 +0000  copying file ./Payload/app_tubayo.app/FacebookSDKStrings.bundle/Resources/zh_Hant_TW.lproj/FacebookSDK.strings ... 
2023-12-24 10:49:53 +0000  4891 bytes for ./Payload/app_tubayo.app/FacebookSDKStrings.bundle/Resources/zh_Hant_TW.lproj/FacebookSDK.strings
2023-12-24 10:49:53 +0000  copying file ./Payload/app_tubayo.app/FacebookSDKStrings.bundle/Resources/vi.lproj/FacebookSDK.strings ... 
2023-12-24 10:49:53 +0000  5393 bytes for ./Payload/app_tubayo.app/FacebookSDKStrings.bundle/Resources/vi.lproj/FacebookSDK.strings
2023-12-24 10:49:53 +0000  copying file ./Payload/app_tubayo.app/FacebookSDKStrings.bundle/Resources/ru.lproj/FacebookSDK.strings ... 
2023-12-24 10:49:53 +0000  5711 bytes for ./Payload/app_tubayo.app/FacebookSDKStrings.bundle/Resources/ru.lproj/FacebookSDK.strings
2023-12-24 10:49:53 +0000  copying file ./Payload/app_tubayo.app/FacebookSDKStrings.bundle/Resources/zh_Hant_HK.lproj/FacebookSDK.strings ... 
2023-12-24 10:49:53 +0000  4853 bytes for ./Payload/app_tubayo.app/FacebookSDKStrings.bundle/Resources/zh_Hant_HK.lproj/FacebookSDK.strings
2023-12-24 10:49:53 +0000  copying file ./Payload/app_tubayo.app/FacebookSDKStrings.bundle/Resources/af.lproj/FacebookSDK.strings ... 
2023-12-24 10:49:53 +0000  5014 bytes for ./Payload/app_tubayo.app/FacebookSDKStrings.bundle/Resources/af.lproj/FacebookSDK.strings
2023-12-24 10:49:53 +0000  copying file ./Payload/app_tubayo.app/FacebookSDKStrings.bundle/Resources/es_ES.lproj/FacebookSDK.strings ... 
2023-12-24 10:49:53 +0000  5128 bytes for ./Payload/app_tubayo.app/FacebookSDKStrings.bundle/Resources/es_ES.lproj/FacebookSDK.strings
2023-12-24 10:49:53 +0000  copying file ./Payload/app_tubayo.app/FacebookSDKStrings.bundle/Resources/fr.lproj/FacebookSDK.strings ... 
2023-12-24 10:49:53 +0000  5228 bytes for ./Payload/app_tubayo.app/FacebookSDKStrings.bundle/Resources/fr.lproj/FacebookSDK.strings
2023-12-24 10:49:53 +0000  copying file ./Payload/app_tubayo.app/FacebookSDKStrings.bundle/Resources/fi.lproj/FacebookSDK.strings ... 
2023-12-24 10:49:53 +0000  5096 bytes for ./Payload/app_tubayo.app/FacebookSDKStrings.bundle/Resources/fi.lproj/FacebookSDK.strings
2023-12-24 10:49:53 +0000  copying file ./Payload/app_tubayo.app/FacebookSDKStrings.bundle/Resources/id.lproj/FacebookSDK.strings ... 
2023-12-24 10:49:53 +0000  4932 bytes for ./Payload/app_tubayo.app/FacebookSDKStrings.bundle/Resources/id.lproj/FacebookSDK.strings
2023-12-24 10:49:53 +0000  copying file ./Payload/app_tubayo.app/FacebookSDKStrings.bundle/Resources/nl.lproj/FacebookSDK.strings ... 
2023-12-24 10:49:53 +0000  5014 bytes for ./Payload/app_tubayo.app/FacebookSDKStrings.bundle/Resources/nl.lproj/FacebookSDK.strings
2023-12-24 10:49:53 +0000  copying file ./Payload/app_tubayo.app/FacebookSDKStrings.bundle/Resources/th.lproj/FacebookSDK.strings ... 
2023-12-24 10:49:53 +0000  6758 bytes for ./Payload/app_tubayo.app/FacebookSDKStrings.bundle/Resources/th.lproj/FacebookSDK.strings
2023-12-24 10:49:53 +0000  copying file ./Payload/app_tubayo.app/FacebookSDKStrings.bundle/Resources/pt.lproj/FacebookSDK.strings ... 
2023-12-24 10:49:53 +0000  5043 bytes for ./Payload/app_tubayo.app/FacebookSDKStrings.bundle/Resources/pt.lproj/FacebookSDK.strings
2023-12-24 10:49:53 +0000  copying file ./Payload/app_tubayo.app/FacebookSDKStrings.bundle/Resources/bn.lproj/FacebookSDK.strings ... 
2023-12-24 10:49:53 +0000  7025 bytes for ./Payload/app_tubayo.app/FacebookSDKStrings.bundle/Resources/bn.lproj/FacebookSDK.strings
2023-12-24 10:49:53 +0000  copying file ./Payload/app_tubayo.app/FacebookSDKStrings.bundle/Resources/hr.lproj/FacebookSDK.strings ... 
2023-12-24 10:49:53 +0000  4978 bytes for ./Payload/app_tubayo.app/FacebookSDKStrings.bundle/Resources/hr.lproj/FacebookSDK.strings
2023-12-24 10:49:53 +0000  copying file ./Payload/app_tubayo.app/FacebookSDKStrings.bundle/Resources/hi.lproj/FacebookSDK.strings ... 
2023-12-24 10:49:53 +0000  6785 bytes for ./Payload/app_tubayo.app/FacebookSDKStrings.bundle/Resources/hi.lproj/FacebookSDK.strings
2023-12-24 10:49:53 +0000  copying file ./Payload/app_tubayo.app/FacebookSDKStrings.bundle/Resources/zh.lproj/FacebookSDK.strings ... 
2023-12-24 10:49:53 +0000  4833 bytes for ./Payload/app_tubayo.app/FacebookSDKStrings.bundle/Resources/zh.lproj/FacebookSDK.strings
2023-12-24 10:49:53 +0000  copying file ./Payload/app_tubayo.app/AppIcon60x60@3x.png ... 
2023-12-24 10:49:53 +0000  15004 bytes for ./Payload/app_tubayo.app/AppIcon60x60@3x.png
2023-12-24 10:49:53 +0000  copying file ./Payload/app_tubayo.app/FontAwesome.ttf ... 
2023-12-24 10:49:53 +0000  165548 bytes for ./Payload/app_tubayo.app/FontAwesome.ttf
2023-12-24 10:49:53 +0000  copying file ./Payload/app_tubayo.app/Poppins-ExtraBoldItalic.ttf ... 
2023-12-24 10:49:53 +0000  173868 bytes for ./Payload/app_tubayo.app/Poppins-ExtraBoldItalic.ttf
2023-12-24 10:49:53 +0000  copying file ./Payload/app_tubayo.app/GoogleSignIn.bundle/de.lproj/GoogleSignIn.strings ... 
2023-12-24 10:49:53 +0000  2290 bytes for ./Payload/app_tubayo.app/GoogleSignIn.bundle/de.lproj/GoogleSignIn.strings
2023-12-24 10:49:53 +0000  copying file ./Payload/app_tubayo.app/GoogleSignIn.bundle/he.lproj/GoogleSignIn.strings ... 
2023-12-24 10:49:53 +0000  2379 bytes for ./Payload/app_tubayo.app/GoogleSignIn.bundle/he.lproj/GoogleSignIn.strings
2023-12-24 10:49:53 +0000  copying file ./Payload/app_tubayo.app/GoogleSignIn.bundle/ar.lproj/GoogleSignIn.strings ... 
2023-12-24 10:49:53 +0000  2405 bytes for ./Payload/app_tubayo.app/GoogleSignIn.bundle/ar.lproj/GoogleSignIn.strings
2023-12-24 10:49:53 +0000  copying file ./Payload/app_tubayo.app/GoogleSignIn.bundle/el.lproj/GoogleSignIn.strings ... 
2023-12-24 10:49:53 +0000  2816 bytes for ./Payload/app_tubayo.app/GoogleSignIn.bundle/el.lproj/GoogleSignIn.strings
2023-12-24 10:49:53 +0000  copying file ./Payload/app_tubayo.app/GoogleSignIn.bundle/ja.lproj/GoogleSignIn.strings ... 
2023-12-24 10:49:53 +0000  2336 bytes for ./Payload/app_tubayo.app/GoogleSignIn.bundle/ja.lproj/GoogleSignIn.strings
2023-12-24 10:49:53 +0000  copying file ./Payload/app_tubayo.app/GoogleSignIn.bundle/en.lproj/GoogleSignIn.strings ... 
2023-12-24 10:49:53 +0000  1547 bytes for ./Payload/app_tubayo.app/GoogleSignIn.bundle/en.lproj/GoogleSignIn.strings
2023-12-24 10:49:53 +0000  copying file ./Payload/app_tubayo.app/GoogleSignIn.bundle/uk.lproj/GoogleSignIn.strings ... 
2023-12-24 10:49:53 +0000  2567 bytes for ./Payload/app_tubayo.app/GoogleSignIn.bundle/uk.lproj/GoogleSignIn.strings
2023-12-24 10:49:53 +0000  copying file ./Payload/app_tubayo.app/GoogleSignIn.bundle/es_MX.lproj/GoogleSignIn.strings ... 
2023-12-24 10:49:53 +0000  2140 bytes for ./Payload/app_tubayo.app/GoogleSignIn.bundle/es_MX.lproj/GoogleSignIn.strings
2023-12-24 10:49:53 +0000  copying file ./Payload/app_tubayo.app/GoogleSignIn.bundle/zh_CN.lproj/GoogleSignIn.strings ... 
2023-12-24 10:49:53 +0000  2052 bytes for ./Payload/app_tubayo.app/GoogleSignIn.bundle/zh_CN.lproj/GoogleSignIn.strings
2023-12-24 10:49:53 +0000  copying file ./Payload/app_tubayo.app/GoogleSignIn.bundle/nb.lproj/GoogleSignIn.strings ... 
2023-12-24 10:49:53 +0000  2129 bytes for ./Payload/app_tubayo.app/GoogleSignIn.bundle/nb.lproj/GoogleSignIn.strings
2023-12-24 10:49:53 +0000  copying file ./Payload/app_tubayo.app/GoogleSignIn.bundle/es.lproj/GoogleSignIn.strings ... 
2023-12-24 10:49:53 +0000  2254 bytes for ./Payload/app_tubayo.app/GoogleSignIn.bundle/es.lproj/GoogleSignIn.strings
2023-12-24 10:49:53 +0000  copying file ./Payload/app_tubayo.app/GoogleSignIn.bundle/pt_BR.lproj/GoogleSignIn.strings ... 
2023-12-24 10:49:53 +0000  2183 bytes for ./Payload/app_tubayo.app/GoogleSignIn.bundle/pt_BR.lproj/GoogleSignIn.strings
2023-12-24 10:49:53 +0000  copying file ./Payload/app_tubayo.app/GoogleSignIn.bundle/da.lproj/GoogleSignIn.strings ... 
2023-12-24 10:49:53 +0000  2149 bytes for ./Payload/app_tubayo.app/GoogleSignIn.bundle/da.lproj/GoogleSignIn.strings
2023-12-24 10:49:53 +0000  copying file ./Payload/app_tubayo.app/GoogleSignIn.bundle/it.lproj/GoogleSignIn.strings ... 
2023-12-24 10:49:53 +0000  2111 bytes for ./Payload/app_tubayo.app/GoogleSignIn.bundle/it.lproj/GoogleSignIn.strings
2023-12-24 10:49:53 +0000  copying file ./Payload/app_tubayo.app/GoogleSignIn.bundle/sk.lproj/GoogleSignIn.strings ... 
2261 bytes for ./Payload/app_tubayo.app/GoogleSignIn.bundle/sk.lproj/GoogleSignIn.strings
2023-12-24 10:49:53 +0000  copying file ./Payload/app_tubayo.app/GoogleSignIn.bundle/pt_PT.lproj/GoogleSignIn.strings ... 
2023-12-24 10:49:53 +0000  2221 bytes for ./Payload/app_tubayo.app/GoogleSignIn.bundle/pt_PT.lproj/GoogleSignIn.strings
2023-12-24 10:49:53 +0000  copying file ./Payload/app_tubayo.app/GoogleSignIn.bundle/google@3x.png ... 
2023-12-24 10:49:53 +0000  1622 bytes for ./Payload/app_tubayo.app/GoogleSignIn.bundle/google@3x.png
2023-12-24 10:49:53 +0000  copying file ./Payload/app_tubayo.app/GoogleSignIn.bundle/ms.lproj/GoogleSignIn.strings ... 
2023-12-24 10:49:53 +0000  2113 bytes for ./Payload/app_tubayo.app/GoogleSignIn.bundle/ms.lproj/GoogleSignIn.strings
2023-12-24 10:49:53 +0000  copying file ./Payload/app_tubayo.app/GoogleSignIn.bundle/sv.lproj/GoogleSignIn.strings ... 
2023-12-24 10:49:53 +0000  2132 bytes for ./Payload/app_tubayo.app/GoogleSignIn.bundle/sv.lproj/GoogleSignIn.strings
2023-12-24 10:49:53 +0000  copying file ./Payload/app_tubayo.app/GoogleSignIn.bundle/cs.lproj/GoogleSignIn.strings ... 
2023-12-24 10:49:53 +0000  2200 bytes for ./Payload/app_tubayo.app/GoogleSignIn.bundle/cs.lproj/GoogleSignIn.strings
copying file ./Payload/app_tubayo.app/GoogleSignIn.bundle/google@2x.png ... 
2023-12-24 10:49:53 +0000  987 bytes for ./Payload/app_tubayo.app/GoogleSignIn.bundle/google@2x.png
2023-12-24 10:49:53 +0000  copying file ./Payload/app_tubayo.app/GoogleSignIn.bundle/ko.lproj/GoogleSignIn.strings ... 
2023-12-24 10:49:53 +0000  2208 bytes for ./Payload/app_tubayo.app/GoogleSignIn.bundle/ko.lproj/GoogleSignIn.strings
2023-12-24 10:49:53 +0000  copying file ./Payload/app_tubayo.app/GoogleSignIn.bundle/hu.lproj/GoogleSignIn.strings ... 
2023-12-24 10:49:53 +0000  2260 bytes for ./Payload/app_tubayo.app/GoogleSignIn.bundle/hu.lproj/GoogleSignIn.strings
2023-12-24 10:49:53 +0000  copying file ./Payload/app_tubayo.app/GoogleSignIn.bundle/tr.lproj/GoogleSignIn.strings ... 
2023-12-24 10:49:53 +0000  2157 bytes for ./Payload/app_tubayo.app/GoogleSignIn.bundle/tr.lproj/GoogleSignIn.strings
2023-12-24 10:49:53 +0000  copying file ./Payload/app_tubayo.app/GoogleSignIn.bundle/pl.lproj/GoogleSignIn.strings ... 
2023-12-24 10:49:53 +0000  2131 bytes for ./Payload/app_tubayo.app/GoogleSignIn.bundle/pl.lproj/GoogleSignIn.strings
2023-12-24 10:49:53 +0000  copying file ./Payload/app_tubayo.app/GoogleSignIn.bundle/zh_TW.lproj/GoogleSignIn.strings ... 
2023-12-24 10:49:53 +0000  2066 bytes for ./Payload/app_tubayo.app/GoogleSignIn.bundle/zh_TW.lproj/GoogleSignIn.strings
2023-12-24 10:49:53 +0000  copying file ./Payload/app_tubayo.app/GoogleSignIn.bundle/en_GB.lproj/GoogleSignIn.strings ... 
2023-12-24 10:49:53 +0000  2072 bytes for ./Payload/app_tubayo.app/GoogleSignIn.bundle/en_GB.lproj/GoogleSignIn.strings
2023-12-24 10:49:53 +0000  copying file ./Payload/app_tubayo.app/GoogleSignIn.bundle/vi.lproj/GoogleSignIn.strings ... 
2023-12-24 10:49:53 +0000  2311 bytes for ./Payload/app_tubayo.app/GoogleSignIn.bundle/vi.lproj/GoogleSignIn.strings
2023-12-24 10:49:53 +0000  copying file ./Payload/app_tubayo.app/GoogleSignIn.bundle/ru.lproj/GoogleSignIn.strings ... 
2023-12-24 10:49:53 +0000  2646 bytes for ./Payload/app_tubayo.app/GoogleSignIn.bundle/ru.lproj/GoogleSignIn.strings
2023-12-24 10:49:53 +0000  copying file ./Payload/app_tubayo.app/GoogleSignIn.bundle/fr_CA.lproj/GoogleSignIn.strings ... 
2023-12-24 10:49:53 +0000  2254 bytes for ./Payload/app_tubayo.app/GoogleSignIn.bundle/fr_CA.lproj/GoogleSignIn.strings
2023-12-24 10:49:53 +0000  copying file ./Payload/app_tubayo.app/GoogleSignIn.bundle/fr.lproj/GoogleSignIn.strings ... 
2023-12-24 10:49:53 +0000  2261 bytes for ./Payload/app_tubayo.app/GoogleSignIn.bundle/fr.lproj/GoogleSignIn.strings
copying file ./Payload/app_tubayo.app/GoogleSignIn.bundle/fi.lproj/GoogleSignIn.strings ... 
2023-12-24 10:49:53 +0000  2192 bytes for ./Payload/app_tubayo.app/GoogleSignIn.bundle/fi.lproj/GoogleSignIn.strings
2023-12-24 10:49:53 +0000  copying file ./Payload/app_tubayo.app/GoogleSignIn.bundle/id.lproj/GoogleSignIn.strings ... 
2023-12-24 10:49:53 +0000  2076 bytes for ./Payload/app_tubayo.app/GoogleSignIn.bundle/id.lproj/GoogleSignIn.strings
copying file ./Payload/app_tubayo.app/GoogleSignIn.bundle/nl.lproj/GoogleSignIn.strings ... 
2023-12-24 10:49:53 +0000  2155 bytes for ./Payload/app_tubayo.app/GoogleSignIn.bundle/nl.lproj/GoogleSignIn.strings
2023-12-24 10:49:53 +0000  copying file ./Payload/app_tubayo.app/GoogleSignIn.bundle/th.lproj/GoogleSignIn.strings ... 
2023-12-24 10:49:53 +0000  2863 bytes for ./Payload/app_tubayo.app/GoogleSignIn.bundle/th.lproj/GoogleSignIn.strings
2023-12-24 10:49:53 +0000  copying file ./Payload/app_tubayo.app/GoogleSignIn.bundle/pt.lproj/GoogleSignIn.strings ... 
2023-12-24 10:49:53 +0000  2183 bytes for ./Payload/app_tubayo.app/GoogleSignIn.bundle/pt.lproj/GoogleSignIn.strings
2023-12-24 10:49:53 +0000  copying file ./Payload/app_tubayo.app/GoogleSignIn.bundle/google.png ... 
2023-12-24 10:49:53 +0000  572 bytes for ./Payload/app_tubayo.app/GoogleSignIn.bundle/google.png
copying file ./Payload/app_tubayo.app/GoogleSignIn.bundle/Roboto-Bold.ttf ... 
2023-12-24 10:49:53 +0000  127744 bytes for ./Payload/app_tubayo.app/GoogleSignIn.bundle/Roboto-Bold.ttf
2023-12-24 10:49:53 +0000  copying file ./Payload/app_tubayo.app/GoogleSignIn.bundle/ro.lproj/GoogleSignIn.strings ... 
2023-12-24 10:49:53 +0000  2172 bytes for ./Payload/app_tubayo.app/GoogleSignIn.bundle/ro.lproj/GoogleSignIn.strings
copying file ./Payload/app_tubayo.app/GoogleSignIn.bundle/Info.plist ... 
2023-12-24 10:49:53 +0000  729 bytes for ./Payload/app_tubayo.app/GoogleSignIn.bundle/Info.plist
copying file ./Payload/app_tubayo.app/GoogleSignIn.bundle/hr.lproj/GoogleSignIn.strings ... 
2023-12-24 10:49:53 +0000  2178 bytes for ./Payload/app_tubayo.app/GoogleSignIn.bundle/hr.lproj/GoogleSignIn.strings
2023-12-24 10:49:53 +0000  copying file ./Payload/app_tubayo.app/GoogleSignIn.bundle/hi.lproj/GoogleSignIn.strings ... 
2023-12-24 10:49:53 +0000  3043 bytes for ./Payload/app_tubayo.app/GoogleSignIn.bundle/hi.lproj/GoogleSignIn.strings
2023-12-24 10:49:53 +0000  copying file ./Payload/app_tubayo.app/GoogleSignIn.bundle/ca.lproj/GoogleSignIn.strings ... 
2023-12-24 10:49:53 +0000  2283 bytes for ./Payload/app_tubayo.app/GoogleSignIn.bundle/ca.lproj/GoogleSignIn.strings
2023-12-24 10:49:53 +0000  copying file ./Payload/app_tubayo.app/Zocial.ttf ... 
2023-12-24 10:49:53 +0000  25552 bytes for ./Payload/app_tubayo.app/Zocial.ttf
2023-12-24 10:49:53 +0000  copying file ./Payload/app_tubayo.app/RobotoCondensed-LightItalic.ttf ... 
2023-12-24 10:49:53 +0000  145104 bytes for ./Payload/app_tubayo.app/RobotoCondensed-LightItalic.ttf
2023-12-24 10:49:53 +0000  copying file ./Payload/app_tubayo.app/Poppins-ExtraBold.ttf ... 
2023-12-24 10:49:53 +0000  152712 bytes for ./Payload/app_tubayo.app/Poppins-ExtraBold.ttf
2023-12-24 10:49:53 +0000  copying file ./Payload/app_tubayo.app/ComodoRsaCA.der ... 
1400 bytes for ./Payload/app_tubayo.app/ComodoRsaCA.der
copying file ./Payload/app_tubayo.app/Assets.car ... 
2023-12-24 10:49:53 +0000  537151 bytes for ./Payload/app_tubayo.app/Assets.car
2023-12-24 10:49:53 +0000  copying file ./Payload/app_tubayo.app/EvilIcons.ttf ... 
2023-12-24 10:49:53 +0000  13456 bytes for ./Payload/app_tubayo.app/EvilIcons.ttf
2023-12-24 10:49:53 +0000  copying file ./Payload/app_tubayo.app/Poppins-BlackItalic.ttf ... 
2023-12-24 10:49:53 +0000  171544 bytes for ./Payload/app_tubayo.app/Poppins-BlackItalic.ttf
2023-12-24 10:49:53 +0000  copying file ./Payload/app_tubayo.app/main.jsbundle ... 
2023-12-24 10:49:54 +0000  3893054 bytes for ./Payload/app_tubayo.app/main.jsbundle
2023-12-24 10:49:54 +0000  copying file ./Payload/app_tubayo.app/Roboto-ThinItalic.ttf ... 
2023-12-24 10:49:54 +0000  132376 bytes for ./Payload/app_tubayo.app/Roboto-ThinItalic.ttf
2023-12-24 10:49:54 +0000  copying file ./Payload/app_tubayo.app/RobotoCondensed-Regular.ttf ... 
2023-12-24 10:49:54 +0000  140396 bytes for ./Payload/app_tubayo.app/RobotoCondensed-Regular.ttf
2023-12-24 10:49:54 +0000  copying file ./Payload/app_tubayo.app/Roboto-BoldItalic.ttf ... 
2023-12-24 10:49:54 +0000  144700 bytes for ./Payload/app_tubayo.app/Roboto-BoldItalic.ttf
2023-12-24 10:49:54 +0000  copying file ./Payload/app_tubayo.app/Poppins-Regular.ttf ... 
2023-12-24 10:49:54 +0000  158192 bytes for ./Payload/app_tubayo.app/Poppins-Regular.ttf
2023-12-24 10:49:54 +0000  copying file ./Payload/app_tubayo.app/RSKImageCropperStrings.bundle/de.lproj/RSKImageCropper.strings ... 
2023-12-24 10:49:54 +0000  1340 bytes for ./Payload/app_tubayo.app/RSKImageCropperStrings.bundle/de.lproj/RSKImageCropper.strings
2023-12-24 10:49:54 +0000  copying file ./Payload/app_tubayo.app/RSKImageCropperStrings.bundle/he.lproj/RSKImageCropper.strings ... 
1351 bytes for ./Payload/app_tubayo.app/RSKImageCropperStrings.bundle/he.lproj/RSKImageCropper.strings
2023-12-24 10:49:54 +0000  copying file ./Payload/app_tubayo.app/RSKImageCropperStrings.bundle/ar.lproj/RSKImageCropper.strings ... 
2023-12-24 10:49:54 +0000  1339 bytes for ./Payload/app_tubayo.app/RSKImageCropperStrings.bundle/ar.lproj/RSKImageCropper.strings
copying file ./Payload/app_tubayo.app/RSKImageCropperStrings.bundle/el.lproj/RSKImageCropper.strings ... 
2023-12-24 10:49:54 +0000  1370 bytes for ./Payload/app_tubayo.app/RSKImageCropperStrings.bundle/el.lproj/RSKImageCropper.strings
2023-12-24 10:49:54 +0000  copying file ./Payload/app_tubayo.app/RSKImageCropperStrings.bundle/zh-Hans.lproj/RSKImageCropper.strings ... 
2023-12-24 10:49:54 +0000  1327 bytes for ./Payload/app_tubayo.app/RSKImageCropperStrings.bundle/zh-Hans.lproj/RSKImageCropper.strings
2023-12-24 10:49:54 +0000  copying file ./Payload/app_tubayo.app/RSKImageCropperStrings.bundle/ja.lproj/RSKImageCropper.strings ... 
2023-12-24 10:49:54 +0000  1342 bytes for ./Payload/app_tubayo.app/RSKImageCropperStrings.bundle/ja.lproj/RSKImageCropper.strings
copying file ./Payload/app_tubayo.app/RSKImageCropperStrings.bundle/fa.lproj/RSKImageCropper.strings ... 
2023-12-24 10:49:54 +0000  1355 bytes for ./Payload/app_tubayo.app/RSKImageCropperStrings.bundle/fa.lproj/RSKImageCropper.strings
2023-12-24 10:49:54 +0000  copying file ./Payload/app_tubayo.app/RSKImageCropperStrings.bundle/mk.lproj/RSKImageCropper.strings ... 
2023-12-24 10:49:54 +0000  1369 bytes for ./Payload/app_tubayo.app/RSKImageCropperStrings.bundle/mk.lproj/RSKImageCropper.strings
2023-12-24 10:49:54 +0000  copying file ./Payload/app_tubayo.app/RSKImageCropperStrings.bundle/en.lproj/RSKImageCropper.strings ... 
2023-12-24 10:49:54 +0000  1326 bytes for ./Payload/app_tubayo.app/RSKImageCropperStrings.bundle/en.lproj/RSKImageCropper.strings
2023-12-24 10:49:54 +0000  copying file ./Payload/app_tubayo.app/RSKImageCropperStrings.bundle/uk.lproj/RSKImageCropper.strings ... 
2023-12-24 10:49:54 +0000  1360 bytes for ./Payload/app_tubayo.app/RSKImageCropperStrings.bundle/uk.lproj/RSKImageCropper.strings
2023-12-24 10:49:54 +0000  copying file ./Payload/app_tubayo.app/RSKImageCropperStrings.bundle/nb.lproj/RSKImageCropper.strings ... 
2023-12-24 10:49:54 +0000  1325 bytes for ./Payload/app_tubayo.app/RSKImageCropperStrings.bundle/nb.lproj/RSKImageCropper.strings
copying file ./Payload/app_tubayo.app/RSKImageCropperStrings.bundle/es.lproj/RSKImageCropper.strings ... 
2023-12-24 10:49:54 +0000  1327 bytes for ./Payload/app_tubayo.app/RSKImageCropperStrings.bundle/es.lproj/RSKImageCropper.strings
2023-12-24 10:49:54 +0000  copying file ./Payload/app_tubayo.app/RSKImageCropperStrings.bundle/sl.lproj/RSKImageCropper.strings ... 
2023-12-24 10:49:54 +0000  1336 bytes for ./Payload/app_tubayo.app/RSKImageCropperStrings.bundle/sl.lproj/RSKImageCropper.strings
2023-12-24 10:49:54 +0000  copying file ./Payload/app_tubayo.app/RSKImageCropperStrings.bundle/pt_BR.lproj/RSKImageCropper.strings ... 
1337 bytes for ./Payload/app_tubayo.app/RSKImageCropperStrings.bundle/pt_BR.lproj/RSKImageCropper.strings
2023-12-24 10:49:54 +0000  copying file ./Payload/app_tubayo.app/RSKImageCropperStrings.bundle/da.lproj/RSKImageCropper.strings ... 
2023-12-24 10:49:54 +0000  1327 bytes for ./Payload/app_tubayo.app/RSKImageCropperStrings.bundle/da.lproj/RSKImageCropper.strings
2023-12-24 10:49:54 +0000  copying file ./Payload/app_tubayo.app/RSKImageCropperStrings.bundle/et.lproj/RSKImageCropper.strings ... 
2023-12-24 10:49:54 +0000  1325 bytes for ./Payload/app_tubayo.app/RSKImageCropperStrings.bundle/et.lproj/RSKImageCropper.strings
2023-12-24 10:49:54 +0000  copying file ./Payload/app_tubayo.app/RSKImageCropperStrings.bundle/it.lproj/RSKImageCropper.strings ... 
2023-12-24 10:49:54 +0000  1334 bytes for ./Payload/app_tubayo.app/RSKImageCropperStrings.bundle/it.lproj/RSKImageCropper.strings
2023-12-24 10:49:54 +0000  copying file ./Payload/app_tubayo.app/RSKImageCropperStrings.bundle/bg.lproj/RSKImageCropper.strings ... 
2023-12-24 10:49:54 +0000  1374 bytes for ./Payload/app_tubayo.app/RSKImageCropperStrings.bundle/bg.lproj/RSKImageCropper.strings
copying file ./Payload/app_tubayo.app/RSKImageCropperStrings.bundle/sk.lproj/RSKImageCropper.strings ... 
2023-12-24 10:49:54 +0000  1347 bytes for ./Payload/app_tubayo.app/RSKImageCropperStrings.bundle/sk.lproj/RSKImageCropper.strings
copying file ./Payload/app_tubayo.app/RSKImageCropperStrings.bundle/pt_PT.lproj/RSKImageCropper.strings ... 
2023-12-24 10:49:54 +0000  1335 bytes for ./Payload/app_tubayo.app/RSKImageCropperStrings.bundle/pt_PT.lproj/RSKImageCropper.strings
2023-12-24 10:49:54 +0000  copying file ./Payload/app_tubayo.app/RSKImageCropperStrings.bundle/sr.lproj/RSKImageCropper.strings ... 
1330 bytes for ./Payload/app_tubayo.app/RSKImageCropperStrings.bundle/sr.lproj/RSKImageCropper.strings
2023-12-24 10:49:54 +0000  copying file ./Payload/app_tubayo.app/RSKImageCropperStrings.bundle/ms.lproj/RSKImageCropper.strings ... 
2023-12-24 10:49:54 +0000  1324 bytes for ./Payload/app_tubayo.app/RSKImageCropperStrings.bundle/ms.lproj/RSKImageCropper.strings
2023-12-24 10:49:54 +0000  copying file ./Payload/app_tubayo.app/RSKImageCropperStrings.bundle/sv.lproj/RSKImageCropper.strings ... 
1333 bytes for ./Payload/app_tubayo.app/RSKImageCropperStrings.bundle/sv.lproj/RSKImageCropper.strings
2023-12-24 10:49:54 +0000  copying file ./Payload/app_tubayo.app/RSKImageCropperStrings.bundle/cs.lproj/RSKImageCropper.strings ... 
2023-12-24 10:49:54 +0000  1328 bytes for ./Payload/app_tubayo.app/RSKImageCropperStrings.bundle/cs.lproj/RSKImageCropper.strings
2023-12-24 10:49:54 +0000  copying file ./Payload/app_tubayo.app/RSKImageCropperStrings.bundle/ko.lproj/RSKImageCropper.strings ... 
2023-12-24 10:49:54 +0000  1336 bytes for ./Payload/app_tubayo.app/RSKImageCropperStrings.bundle/ko.lproj/RSKImageCropper.strings
copying file ./Payload/app_tubayo.app/RSKImageCropperStrings.bundle/fil.lproj/RSKImageCropper.strings ... 
2023-12-24 10:49:54 +0000  1334 bytes for ./Payload/app_tubayo.app/RSKImageCropperStrings.bundle/fil.lproj/RSKImageCropper.strings
copying file ./Payload/app_tubayo.app/RSKImageCropperStrings.bundle/zh-Hant.lproj/RSKImageCropper.strings ... 
2023-12-24 10:49:54 +0000  1327 bytes for ./Payload/app_tubayo.app/RSKImageCropperStrings.bundle/zh-Hant.lproj/RSKImageCropper.strings
2023-12-24 10:49:54 +0000  copying file ./Payload/app_tubayo.app/RSKImageCropperStrings.bundle/hu.lproj/RSKImageCropper.strings ... 
2023-12-24 10:49:54 +0000  1345 bytes for ./Payload/app_tubayo.app/RSKImageCropperStrings.bundle/hu.lproj/RSKImageCropper.strings
2023-12-24 10:49:54 +0000  copying file ./Payload/app_tubayo.app/RSKImageCropperStrings.bundle/tr.lproj/RSKImageCropper.strings ... 
2023-12-24 10:49:54 +0000  1330 bytes for ./Payload/app_tubayo.app/RSKImageCropperStrings.bundle/tr.lproj/RSKImageCropper.strings
2023-12-24 10:49:54 +0000  copying file ./Payload/app_tubayo.app/RSKImageCropperStrings.bundle/pl.lproj/RSKImageCropper.strings ... 
2023-12-24 10:49:54 +0000  1325 bytes for ./Payload/app_tubayo.app/RSKImageCropperStrings.bundle/pl.lproj/RSKImageCropper.strings
2023-12-24 10:49:54 +0000  copying file ./Payload/app_tubayo.app/RSKImageCropperStrings.bundle/vi.lproj/RSKImageCropper.strings ... 
2023-12-24 10:49:54 +0000  1342 bytes for ./Payload/app_tubayo.app/RSKImageCropperStrings.bundle/vi.lproj/RSKImageCropper.strings
2023-12-24 10:49:54 +0000  copying file ./Payload/app_tubayo.app/RSKImageCropperStrings.bundle/lv.lproj/RSKImageCropper.strings ... 
2023-12-24 10:49:54 +0000  1333 bytes for ./Payload/app_tubayo.app/RSKImageCropperStrings.bundle/lv.lproj/RSKImageCropper.strings
2023-12-24 10:49:54 +0000  copying file ./Payload/app_tubayo.app/RSKImageCropperStrings.bundle/lt.lproj/RSKImageCropper.strings ... 
2023-12-24 10:49:54 +0000  1345 bytes for ./Payload/app_tubayo.app/RSKImageCropperStrings.bundle/lt.lproj/RSKImageCropper.strings
2023-12-24 10:49:54 +0000  copying file ./Payload/app_tubayo.app/RSKImageCropperStrings.bundle/ru.lproj/RSKImageCropper.strings ... 
1358 bytes for ./Payload/app_tubayo.app/RSKImageCropperStrings.bundle/ru.lproj/RSKImageCropper.strings
2023-12-24 10:49:54 +0000  copying file ./Payload/app_tubayo.app/RSKImageCropperStrings.bundle/fr.lproj/RSKImageCropper.strings ... 
2023-12-24 10:49:54 +0000  1322 bytes for ./Payload/app_tubayo.app/RSKImageCropperStrings.bundle/fr.lproj/RSKImageCropper.strings
2023-12-24 10:49:54 +0000  copying file ./Payload/app_tubayo.app/RSKImageCropperStrings.bundle/fi.lproj/RSKImageCropper.strings ... 
2023-12-24 10:49:54 +0000  1330 bytes for ./Payload/app_tubayo.app/RSKImageCropperStrings.bundle/fi.lproj/RSKImageCropper.strings
2023-12-24 10:49:54 +0000  copying file ./Payload/app_tubayo.app/RSKImageCropperStrings.bundle/id.lproj/RSKImageCropper.strings ... 
2023-12-24 10:49:54 +0000  1333 bytes for ./Payload/app_tubayo.app/RSKImageCropperStrings.bundle/id.lproj/RSKImageCropper.strings
2023-12-24 10:49:54 +0000  copying file ./Payload/app_tubayo.app/RSKImageCropperStrings.bundle/nl.lproj/RSKImageCropper.strings ... 
2023-12-24 10:49:54 +0000  1339 bytes for ./Payload/app_tubayo.app/RSKImageCropperStrings.bundle/nl.lproj/RSKImageCropper.strings
2023-12-24 10:49:54 +0000  copying file ./Payload/app_tubayo.app/RSKImageCropperStrings.bundle/th.lproj/RSKImageCropper.strings ... 
2023-12-24 10:49:54 +0000  1384 bytes for ./Payload/app_tubayo.app/RSKImageCropperStrings.bundle/th.lproj/RSKImageCropper.strings
2023-12-24 10:49:54 +0000  copying file ./Payload/app_tubayo.app/RSKImageCropperStrings.bundle/pt.lproj/RSKImageCropper.strings ... 
2023-12-24 10:49:54 +0000  1335 bytes for ./Payload/app_tubayo.app/RSKImageCropperStrings.bundle/pt.lproj/RSKImageCropper.strings
2023-12-24 10:49:54 +0000  copying file ./Payload/app_tubayo.app/RSKImageCropperStrings.bundle/ro.lproj/RSKImageCropper.strings ... 
2023-12-24 10:49:54 +0000  1345 bytes for ./Payload/app_tubayo.app/RSKImageCropperStrings.bundle/ro.lproj/RSKImageCropper.strings
2023-12-24 10:49:54 +0000  copying file ./Payload/app_tubayo.app/RSKImageCropperStrings.bundle/bs.lproj/RSKImageCropper.strings ... 
1333 bytes for ./Payload/app_tubayo.app/RSKImageCropperStrings.bundle/bs.lproj/RSKImageCropper.strings
2023-12-24 10:49:54 +0000  copying file ./Payload/app_tubayo.app/RSKImageCropperStrings.bundle/hr.lproj/RSKImageCropper.strings ... 
2023-12-24 10:49:54 +0000  1335 bytes for ./Payload/app_tubayo.app/RSKImageCropperStrings.bundle/hr.lproj/RSKImageCropper.strings
2023-12-24 10:49:54 +0000  copying file ./Payload/app_tubayo.app/RSKImageCropperStrings.bundle/hi.lproj/RSKImageCropper.strings ... 
2023-12-24 10:49:54 +0000  1387 bytes for ./Payload/app_tubayo.app/RSKImageCropperStrings.bundle/hi.lproj/RSKImageCropper.strings
2023-12-24 10:49:54 +0000  copying file ./Payload/app_tubayo.app/RSKImageCropperStrings.bundle/ca.lproj/RSKImageCropper.strings ... 
2023-12-24 10:49:54 +0000  1337 bytes for ./Payload/app_tubayo.app/RSKImageCropperStrings.bundle/ca.lproj/RSKImageCropper.strings
copying file ./Payload/app_tubayo.app/RSKImageCropperStrings.bundle/zh.lproj/RSKImageCropper.strings ... 
2023-12-24 10:49:54 +0000  1327 bytes for ./Payload/app_tubayo.app/RSKImageCropperStrings.bundle/zh.lproj/RSKImageCropper.strings
2023-12-24 10:49:54 +0000  copying file ./Payload/app_tubayo.app/Roboto-LightItalic.ttf ... 
2023-12-24 10:49:54 +0000  145932 bytes for ./Payload/app_tubayo.app/Roboto-LightItalic.ttf
2023-12-24 10:49:54 +0000  copying file ./Payload/app_tubayo.app/Poppins-LightItalic.ttf ... 
2023-12-24 10:49:54 +0000  184420 bytes for ./Payload/app_tubayo.app/Poppins-LightItalic.ttf
2023-12-24 10:49:54 +0000  copying file ./Payload/app_tubayo.app/Roboto-Italic.ttf ... 
2023-12-24 10:49:54 +0000  148540 bytes for ./Payload/app_tubayo.app/Roboto-Italic.ttf
2023-12-24 10:49:54 +0000  copying file ./Payload/app_tubayo.app/Poppins-Bold.ttf ... 
2023-12-24 10:49:54 +0000  153900 bytes for ./Payload/app_tubayo.app/Poppins-Bold.ttf
2023-12-24 10:49:54 +0000  copying file ./Payload/app_tubayo.app/Roboto-BlackItalic.ttf ... 
2023-12-24 10:49:54 +0000  149644 bytes for ./Payload/app_tubayo.app/Roboto-BlackItalic.ttf
2023-12-24 10:49:54 +0000  copying file ./Payload/app_tubayo.app/SimpleLineIcons.ttf ... 
2023-12-24 10:49:54 +0000  54056 bytes for ./Payload/app_tubayo.app/SimpleLineIcons.ttf
2023-12-24 10:49:54 +0000  copying file ./Payload/app_tubayo.app/Poppins-Black.ttf ... 
2023-12-24 10:49:54 +0000  151340 bytes for ./Payload/app_tubayo.app/Poppins-Black.ttf
2023-12-24 10:49:54 +0000  copying file ./Payload/app_tubayo.app/embedded.mobileprovision ... 
2023-12-24 10:49:54 +0000  12618 bytes for ./Payload/app_tubayo.app/embedded.mobileprovision
2023-12-24 10:49:54 +0000  copying file ./Payload/app_tubayo.app/Roboto-Bold.ttf ... 
2023-12-24 10:49:54 +0000  135820 bytes for ./Payload/app_tubayo.app/Roboto-Bold.ttf
2023-12-24 10:49:54 +0000  copying file ./Payload/app_tubayo.app/assets/node_modules/@horizonlime/react-native-select-multiple/images/icon-checkbox-checked.png ... 
2023-12-24 10:49:54 +0000  769 bytes for ./Payload/app_tubayo.app/assets/node_modules/@horizonlime/react-native-select-multiple/images/icon-checkbox-checked.png
2023-12-24 10:49:54 +0000  copying file ./Payload/app_tubayo.app/assets/node_modules/@horizonlime/react-native-select-multiple/images/icon-checkbox.png ... 
2023-12-24 10:49:54 +0000  507 bytes for ./Payload/app_tubayo.app/assets/node_modules/@horizonlime/react-native-select-multiple/images/icon-checkbox.png
2023-12-24 10:49:54 +0000  copying file ./Payload/app_tubayo.app/assets/node_modules/@horizonlime/react-native-select-multiple/images/icon-checkbox-disabled.png ... 
2023-12-24 10:49:54 +0000  390 bytes for ./Payload/app_tubayo.app/assets/node_modules/@horizonlime/react-native-select-multiple/images/icon-checkbox-disabled.png
2023-12-24 10:49:54 +0000  copying file ./Payload/app_tubayo.app/assets/node_modules/@react-navigation/elements/src/assets/back-icon@3x.png ... 
2023-12-24 10:49:54 +0000  761 bytes for ./Payload/app_tubayo.app/assets/node_modules/@react-navigation/elements/src/assets/back-icon@3x.png
2023-12-24 10:49:54 +0000  copying file ./Payload/app_tubayo.app/assets/node_modules/@react-navigation/elements/src/assets/back-icon@2x.png ... 
2023-12-24 10:49:54 +0000  405 bytes for ./Payload/app_tubayo.app/assets/node_modules/@react-navigation/elements/src/assets/back-icon@2x.png
2023-12-24 10:49:54 +0000  copying file ./Payload/app_tubayo.app/assets/node_modules/@react-navigation/elements/src/assets/back-icon.png ... 
2023-12-24 10:49:54 +0000  290 bytes for ./Payload/app_tubayo.app/assets/node_modules/@react-navigation/elements/src/assets/back-icon.png
2023-12-24 10:49:54 +0000  copying file ./Payload/app_tubayo.app/assets/node_modules/@react-navigation/elements/src/assets/back-icon-mask.png ... 
2023-12-24 10:49:54 +0000  913 bytes for ./Payload/app_tubayo.app/assets/node_modules/@react-navigation/elements/src/assets/back-icon-mask.png
2023-12-24 10:49:54 +0000  copying file ./Payload/app_tubayo.app/assets/node_modules/react-native-form-select-picker/src/components/assets/icons/selected.png ... 
2023-12-24 10:49:54 +0000  1299 bytes for ./Payload/app_tubayo.app/assets/node_modules/react-native-form-select-picker/src/components/assets/icons/selected.png
2023-12-24 10:49:54 +0000  copying file ./Payload/app_tubayo.app/assets/node_modules/react-native-form-select-picker/src/components/assets/icons/unselected.png ... 
2023-12-24 10:49:54 +0000  1159 bytes for ./Payload/app_tubayo.app/assets/node_modules/react-native-form-select-picker/src/components/assets/icons/unselected.png
2023-12-24 10:49:54 +0000  copying file ./Payload/app_tubayo.app/assets/node_modules/react-native-google-places-autocomplete/images/powered_by_google_on_white@2x.png ... 
2023-12-24 10:49:54 +0000  1731 bytes for ./Payload/app_tubayo.app/assets/node_modules/react-native-google-places-autocomplete/images/powered_by_google_on_white@2x.png
2023-12-24 10:49:54 +0000  copying file ./Payload/app_tubayo.app/assets/node_modules/react-native-google-places-autocomplete/images/powered_by_google_on_white@3x.png ... 
2023-12-24 10:49:54 +0000  4232 bytes for ./Payload/app_tubayo.app/assets/node_modules/react-native-google-places-autocomplete/images/powered_by_google_on_white@3x.png
2023-12-24 10:49:54 +0000  copying file ./Payload/app_tubayo.app/assets/node_modules/react-native-google-places-autocomplete/images/powered_by_google_on_white.png ... 
2023-12-24 10:49:54 +0000  1563 bytes for ./Payload/app_tubayo.app/assets/node_modules/react-native-google-places-autocomplete/images/powered_by_google_on_white.png
2023-12-24 10:49:54 +0000  copying file ./Payload/app_tubayo.app/assets/node_modules/flutterwave-react-native/dist/assets/pry-button-content.png ... 
2023-12-24 10:49:54 +0000  36953 bytes for ./Payload/app_tubayo.app/assets/node_modules/flutterwave-react-native/dist/assets/pry-button-content.png
2023-12-24 10:49:54 +0000  copying file ./Payload/app_tubayo.app/assets/node_modules/flutterwave-react-native/dist/assets/loader.gif ... 
2023-12-24 10:49:54 +0000  147769 bytes for ./Payload/app_tubayo.app/assets/node_modules/flutterwave-react-native/dist/assets/loader.gif
2023-12-24 10:49:54 +0000  copying file ./Payload/app_tubayo.app/assets/src/assets/images/tenor.gif ... 
2023-12-24 10:49:54 +0000  28412 bytes for ./Payload/app_tubayo.app/assets/src/assets/images/tenor.gif
2023-12-24 10:49:54 +0000  copying file ./Payload/app_tubayo.app/assets/src/assets/images/ticket.png ... 
2023-12-24 10:49:54 +0000  15497 bytes for ./Payload/app_tubayo.app/assets/src/assets/images/ticket.png
2023-12-24 10:49:54 +0000  copying file ./Payload/app_tubayo.app/assets/src/assets/images/airtel.png ... 
2023-12-24 10:49:54 +0000  5227 bytes for ./Payload/app_tubayo.app/assets/src/assets/images/airtel.png
2023-12-24 10:49:54 +0000  copying file ./Payload/app_tubayo.app/assets/src/assets/images/home.png ... 
2023-12-24 10:49:54 +0000  58216 bytes for ./Payload/app_tubayo.app/assets/src/assets/images/home.png
2023-12-24 10:49:54 +0000  copying file ./Payload/app_tubayo.app/assets/src/assets/images/search_illusination.png ... 
2023-12-24 10:49:54 +0000  27019 bytes for ./Payload/app_tubayo.app/assets/src/assets/images/search_illusination.png
2023-12-24 10:49:54 +0000  copying file ./Payload/app_tubayo.app/assets/src/assets/images/search.jpg ... 
2023-12-24 10:49:54 +0000  1722892 bytes for ./Payload/app_tubayo.app/assets/src/assets/images/search.jpg
2023-12-24 10:49:54 +0000  copying file ./Payload/app_tubayo.app/assets/src/assets/images/mtn.png ... 
2023-12-24 10:49:54 +0000  10426 bytes for ./Payload/app_tubayo.app/assets/src/assets/images/mtn.png
2023-12-24 10:49:54 +0000  copying file ./Payload/app_tubayo.app/assets/src/assets/images/earn.png ... 
2023-12-24 10:49:54 +0000  100324 bytes for ./Payload/app_tubayo.app/assets/src/assets/images/earn.png
2023-12-24 10:49:54 +0000  copying file ./Payload/app_tubayo.app/assets/src/assets/images/avatar.png ... 
2753 bytes for ./Payload/app_tubayo.app/assets/src/assets/images/avatar.png
copying file ./Payload/app_tubayo.app/assets/src/assets/images/onboard3.png ... 
2023-12-24 10:49:54 +0000  188432 bytes for ./Payload/app_tubayo.app/assets/src/assets/images/onboard3.png
2023-12-24 10:49:54 +0000  copying file ./Payload/app_tubayo.app/assets/src/assets/images/onboard2.png ... 
2023-12-24 10:49:54 +0000  212981 bytes for ./Payload/app_tubayo.app/assets/src/assets/images/onboard2.png
2023-12-24 10:49:54 +0000  copying file ./Payload/app_tubayo.app/assets/src/assets/images/onboard1.png ... 
2023-12-24 10:49:54 +0000  195223 bytes for ./Payload/app_tubayo.app/assets/src/assets/images/onboard1.png
2023-12-24 10:49:54 +0000  copying file ./Payload/app_tubayo.app/assets/src/assets/images/bg_img.png ... 
2023-12-24 10:49:54 +0000  46218 bytes for ./Payload/app_tubayo.app/assets/src/assets/images/bg_img.png
2023-12-24 10:49:54 +0000  copying file ./Payload/app_tubayo.app/assets/src/assets/images/vacation.png ... 
2023-12-24 10:49:54 +0000  69235 bytes for ./Payload/app_tubayo.app/assets/src/assets/images/vacation.png
2023-12-24 10:49:54 +0000  copying file ./Payload/app_tubayo.app/assets/src/assets/icons/down_arrow.png ... 
2023-12-24 10:49:54 +0000  495 bytes for ./Payload/app_tubayo.app/assets/src/assets/icons/down_arrow.png
2023-12-24 10:49:54 +0000  copying file ./Payload/app_tubayo.app/assets/src/assets/icons/first-aid-kit.png ... 
2023-12-24 10:49:54 +0000  8996 bytes for ./Payload/app_tubayo.app/assets/src/assets/icons/first-aid-kit.png
2023-12-24 10:49:54 +0000  copying file ./Payload/app_tubayo.app/assets/src/assets/icons/off-button.png ... 
2023-12-24 10:49:54 +0000  12574 bytes for ./Payload/app_tubayo.app/assets/src/assets/icons/off-button.png
2023-12-24 10:49:54 +0000  copying file ./Payload/app_tubayo.app/assets/src/assets/icons/plus.png ... 
2023-12-24 10:49:54 +0000  298 bytes for ./Payload/app_tubayo.app/assets/src/assets/icons/plus.png
copying file ./Payload/app_tubayo.app/assets/src/assets/icons/bath-towel.png ... 
2023-12-24 10:49:54 +0000  14544 bytes for ./Payload/app_tubayo.app/assets/src/assets/icons/bath-towel.png
2023-12-24 10:49:54 +0000  copying file ./Payload/app_tubayo.app/assets/src/assets/icons/focus.png ... 
2023-12-24 10:49:54 +0000  12823 bytes for ./Payload/app_tubayo.app/assets/src/assets/icons/focus.png
2023-12-24 10:49:54 +0000  copying file ./Payload/app_tubayo.app/assets/src/assets/icons/pillow.png ... 
2023-12-24 10:49:54 +0000  13375 bytes for ./Payload/app_tubayo.app/assets/src/assets/icons/pillow.png
2023-12-24 10:49:54 +0000  copying file ./Payload/app_tubayo.app/assets/src/assets/icons/correct.png ... 
2023-12-24 10:49:54 +0000  1800 bytes for ./Payload/app_tubayo.app/assets/src/assets/icons/correct.png
copying file ./Payload/app_tubayo.app/assets/src/assets/icons/event.png ... 
2023-12-24 10:49:54 +0000  11138 bytes for ./Payload/app_tubayo.app/assets/src/assets/icons/event.png
copying file ./Payload/app_tubayo.app/assets/src/assets/icons/condo.png ... 
2023-12-24 10:49:54 +0000  6831 bytes for ./Payload/app_tubayo.app/assets/src/assets/icons/condo.png
copying file ./Payload/app_tubayo.app/assets/src/assets/icons/exchange.png ... 
2023-12-24 10:49:54 +0000  20598 bytes for ./Payload/app_tubayo.app/assets/src/assets/icons/exchange.png
copying file ./Payload/app_tubayo.app/assets/src/assets/icons/wallet.png ... 
2023-12-24 10:49:54 +0000  1108 bytes for ./Payload/app_tubayo.app/assets/src/assets/icons/wallet.png
2023-12-24 10:49:54 +0000  copying file ./Payload/app_tubayo.app/assets/src/assets/icons/theme-park.png ... 
2023-12-24 10:49:54 +0000  20292 bytes for ./Payload/app_tubayo.app/assets/src/assets/icons/theme-park.png
copying file ./Payload/app_tubayo.app/assets/src/assets/icons/time.png ... 
2023-12-24 10:49:54 +0000  15476 bytes for ./Payload/app_tubayo.app/assets/src/assets/icons/time.png
copying file ./Payload/app_tubayo.app/assets/src/assets/icons/expand.png ... 
2023-12-24 10:49:54 +0000  4403 bytes for ./Payload/app_tubayo.app/assets/src/assets/icons/expand.png
copying file ./Payload/app_tubayo.app/assets/src/assets/icons/clothes-hanger.png ... 
2023-12-24 10:49:54 +0000  9307 bytes for ./Payload/app_tubayo.app/assets/src/assets/icons/clothes-hanger.png
2023-12-24 10:49:54 +0000  copying file ./Payload/app_tubayo.app/assets/src/assets/icons/cart.png ... 
2023-12-24 10:49:54 +0000  1274 bytes for ./Payload/app_tubayo.app/assets/src/assets/icons/cart.png
copying file ./Payload/app_tubayo.app/assets/src/assets/icons/eye_close.png ... 
2023-12-24 10:49:54 +0000  2145 bytes for ./Payload/app_tubayo.app/assets/src/assets/icons/eye_close.png
copying file ./Payload/app_tubayo.app/assets/src/assets/icons/mail.png ... 
2023-12-24 10:49:54 +0000  14752 bytes for ./Payload/app_tubayo.app/assets/src/assets/icons/mail.png
copying file ./Payload/app_tubayo.app/assets/src/assets/icons/group.png ... 
2023-12-24 10:49:54 +0000  13403 bytes for ./Payload/app_tubayo.app/assets/src/assets/icons/group.png
copying file ./Payload/app_tubayo.app/assets/src/assets/icons/ac.png ... 
2023-12-24 10:49:54 +0000  6687 bytes for ./Payload/app_tubayo.app/assets/src/assets/icons/ac.png
copying file ./Payload/app_tubayo.app/assets/src/assets/icons/location_pin.png ... 
2023-12-24 10:49:54 +0000  9239 bytes for ./Payload/app_tubayo.app/assets/src/assets/icons/location_pin.png
copying file ./Payload/app_tubayo.app/assets/src/assets/icons/discount.png ... 
2023-12-24 10:49:54 +0000  2119 bytes for ./Payload/app_tubayo.app/assets/src/assets/icons/discount.png
copying file ./Payload/app_tubayo.app/assets/src/assets/icons/navigator.png ... 
2023-12-24 10:49:54 +0000  11735 bytes for ./Payload/app_tubayo.app/assets/src/assets/icons/navigator.png
copying file ./Payload/app_tubayo.app/assets/src/assets/icons/package.png ... 
2023-12-24 10:49:54 +0000  16932 bytes for ./Payload/app_tubayo.app/assets/src/assets/icons/package.png
copying file ./Payload/app_tubayo.app/assets/src/assets/icons/free-wifi.png ... 
2023-12-24 10:49:54 +0000  16136 bytes for ./Payload/app_tubayo.app/assets/src/assets/icons/free-wifi.png
copying file ./Payload/app_tubayo.app/assets/src/assets/icons/bar-chart.png ... 
2023-12-24 10:49:54 +0000  3543 bytes for ./Payload/app_tubayo.app/assets/src/assets/icons/bar-chart.png
copying file ./Payload/app_tubayo.app/assets/src/assets/icons/response.png ... 
2023-12-24 10:49:54 +0000  19581 bytes for ./Payload/app_tubayo.app/assets/src/assets/icons/response.png
copying file ./Payload/app_tubayo.app/assets/src/assets/icons/paw.png ... 
2023-12-24 10:49:54 +0000  25470 bytes for ./Payload/app_tubayo.app/assets/src/assets/icons/paw.png
copying file ./Payload/app_tubayo.app/assets/src/assets/icons/location1.png ... 
2023-12-24 10:49:54 +0000  3200 bytes for ./Payload/app_tubayo.app/assets/src/assets/icons/location1.png
copying file ./Payload/app_tubayo.app/assets/src/assets/icons/map.png ... 
2023-12-24 10:49:54 +0000  1079 bytes for ./Payload/app_tubayo.app/assets/src/assets/icons/map.png
copying file ./Payload/app_tubayo.app/assets/src/assets/icons/coffee-machine.png ... 
2023-12-24 10:49:54 +0000  14561 bytes for ./Payload/app_tubayo.app/assets/src/assets/icons/coffee-machine.png
copying file ./Payload/app_tubayo.app/assets/src/assets/icons/shower.png ... 
2023-12-24 10:49:54 +0000  6928 bytes for ./Payload/app_tubayo.app/assets/src/assets/icons/shower.png
2023-12-24 10:49:54 +0000  copying file ./Payload/app_tubayo.app/assets/src/assets/icons/fb.png ... 
2023-12-24 10:49:54 +0000  619 bytes for ./Payload/app_tubayo.app/assets/src/assets/icons/fb.png
copying file ./Payload/app_tubayo.app/assets/src/assets/icons/cancel.png ... 
2023-12-24 10:49:54 +0000  1643 bytes for ./Payload/app_tubayo.app/assets/src/assets/icons/cancel.png
2023-12-24 10:49:54 +0000  copying file ./Payload/app_tubayo.app/assets/src/assets/icons/logout.png ... 
2023-12-24 10:49:54 +0000  905 bytes for ./Payload/app_tubayo.app/assets/src/assets/icons/logout.png
copying file ./Payload/app_tubayo.app/assets/src/assets/icons/favourite.png ... 
2023-12-24 10:49:54 +0000  947 bytes for ./Payload/app_tubayo.app/assets/src/assets/icons/favourite.png
2023-12-24 10:49:54 +0000  copying file ./Payload/app_tubayo.app/assets/src/assets/icons/television.png ... 
2023-12-24 10:49:54 +0000  8176 bytes for ./Payload/app_tubayo.app/assets/src/assets/icons/television.png
copying file ./Payload/app_tubayo.app/assets/src/assets/icons/visa.png ... 
2023-12-24 10:49:54 +0000  2522 bytes for ./Payload/app_tubayo.app/assets/src/assets/icons/visa.png
2023-12-24 10:49:54 +0000  copying file ./Payload/app_tubayo.app/assets/src/assets/icons/cleaning-cart.png ... 
2023-12-24 10:49:54 +0000  20176 bytes for ./Payload/app_tubayo.app/assets/src/assets/icons/cleaning-cart.png
copying file ./Payload/app_tubayo.app/assets/src/assets/icons/dollar.png ... 
2023-12-24 10:49:54 +0000  1282 bytes for ./Payload/app_tubayo.app/assets/src/assets/icons/dollar.png
2023-12-24 10:49:54 +0000  copying file ./Payload/app_tubayo.app/assets/src/assets/icons/home.png ... 
2023-12-24 10:49:54 +0000  612 bytes for ./Payload/app_tubayo.app/assets/src/assets/icons/home.png
copying file ./Payload/app_tubayo.app/assets/src/assets/icons/shop.png ... 
2023-12-24 10:49:54 +0000  9534 bytes for ./Payload/app_tubayo.app/assets/src/assets/icons/shop.png
copying file ./Payload/app_tubayo.app/assets/src/assets/icons/user.png ... 
2023-12-24 10:49:54 +0000  20144 bytes for ./Payload/app_tubayo.app/assets/src/assets/icons/user.png
2023-12-24 10:49:54 +0000  copying file ./Payload/app_tubayo.app/assets/src/assets/icons/fire-alarm.png ... 
2023-12-24 10:49:54 +0000  8901 bytes for ./Payload/app_tubayo.app/assets/src/assets/icons/fire-alarm.png
copying file ./Payload/app_tubayo.app/assets/src/assets/icons/back-arrow.png ... 
2023-12-24 10:49:54 +0000  5004 bytes for ./Payload/app_tubayo.app/assets/src/assets/icons/back-arrow.png
copying file ./Payload/app_tubayo.app/assets/src/assets/icons/on-button.png ... 
2023-12-24 10:49:54 +0000  13409 bytes for ./Payload/app_tubayo.app/assets/src/assets/icons/on-button.png
copying file ./Payload/app_tubayo.app/assets/src/assets/icons/bed.png ... 
2023-12-24 10:49:54 +0000  5837 bytes for ./Payload/app_tubayo.app/assets/src/assets/icons/bed.png
copying file ./Payload/app_tubayo.app/assets/src/assets/icons/grid.png ... 
2023-12-24 10:49:54 +0000  4369 bytes for ./Payload/app_tubayo.app/assets/src/assets/icons/grid.png
copying file ./Payload/app_tubayo.app/assets/src/assets/icons/check_off.png ... 
2023-12-24 10:49:54 +0000  1593 bytes for ./Payload/app_tubayo.app/assets/src/assets/icons/check_off.png
copying file ./Payload/app_tubayo.app/assets/src/assets/icons/search.png ... 
2023-12-24 10:49:54 +0000  1571 bytes for ./Payload/app_tubayo.app/assets/src/assets/icons/search.png
2023-12-24 10:49:54 +0000  copying file ./Payload/app_tubayo.app/assets/src/assets/icons/jacuzzi.png ... 
2023-12-24 10:49:54 +0000  6702 bytes for ./Payload/app_tubayo.app/assets/src/assets/icons/jacuzzi.png
copying file ./Payload/app_tubayo.app/assets/src/assets/icons/heat.png ... 
2023-12-24 10:49:54 +0000  8786 bytes for ./Payload/app_tubayo.app/assets/src/assets/icons/heat.png
copying file ./Payload/app_tubayo.app/assets/src/assets/icons/minus.png ... 
2023-12-24 10:49:54 +0000  178 bytes for ./Payload/app_tubayo.app/assets/src/assets/icons/minus.png
copying file ./Payload/app_tubayo.app/assets/src/assets/icons/apple.png ... 
2023-12-24 10:49:54 +0000  1667 bytes for ./Payload/app_tubayo.app/assets/src/assets/icons/apple.png
2023-12-24 10:49:54 +0000  copying file ./Payload/app_tubayo.app/assets/src/assets/icons/parking.png ... 
2023-12-24 10:49:54 +0000  15165 bytes for ./Payload/app_tubayo.app/assets/src/assets/icons/parking.png
copying file ./Payload/app_tubayo.app/assets/src/assets/icons/menu.png ... 
2023-12-24 10:49:54 +0000  186 bytes for ./Payload/app_tubayo.app/assets/src/assets/icons/menu.png
copying file ./Payload/app_tubayo.app/assets/src/assets/icons/shopping-cart.png ... 
2023-12-24 10:49:54 +0000  8029 bytes for ./Payload/app_tubayo.app/assets/src/assets/icons/shopping-cart.png
copying file ./Payload/app_tubayo.app/assets/src/assets/icons/navigator1.png ... 
2023-12-24 10:49:54 +0000  1006 bytes for ./Payload/app_tubayo.app/assets/src/assets/icons/navigator1.png
copying file ./Payload/app_tubayo.app/assets/src/assets/icons/help.png ... 
2023-12-24 10:49:54 +0000  1274 bytes for ./Payload/app_tubayo.app/assets/src/assets/icons/help.png
2023-12-24 10:49:54 +0000  copying file ./Payload/app_tubayo.app/assets/src/assets/icons/grid-outline.png ... 
2023-12-24 10:49:54 +0000  6988 bytes for ./Payload/app_tubayo.app/assets/src/assets/icons/grid-outline.png
2023-12-24 10:49:54 +0000  copying file ./Payload/app_tubayo.app/assets/src/assets/icons/office.png ... 
2023-12-24 10:49:54 +0000  11498 bytes for ./Payload/app_tubayo.app/assets/src/assets/icons/office.png
copying file ./Payload/app_tubayo.app/assets/src/assets/icons/cup.png ... 
2023-12-24 10:49:54 +0000  10702 bytes for ./Payload/app_tubayo.app/assets/src/assets/icons/cup.png
copying file ./Payload/app_tubayo.app/assets/src/assets/icons/user-fill.png ... 
2023-12-24 10:49:54 +0000  7841 bytes for ./Payload/app_tubayo.app/assets/src/assets/icons/user-fill.png
copying file ./Payload/app_tubayo.app/assets/src/assets/icons/scanner.png ... 
2023-12-24 10:49:54 +0000  5894 bytes for ./Payload/app_tubayo.app/assets/src/assets/icons/scanner.png
copying file ./Payload/app_tubayo.app/assets/src/assets/icons/double-bed.png ... 
2023-12-24 10:49:54 +0000  10653 bytes for ./Payload/app_tubayo.app/assets/src/assets/icons/double-bed.png
copying file ./Payload/app_tubayo.app/assets/src/assets/icons/cross.png ... 
2023-12-24 10:49:54 +0000  703 bytes for ./Payload/app_tubayo.app/assets/src/assets/icons/cross.png
copying file ./Payload/app_tubayo.app/assets/src/assets/icons/globe.png ... 
2023-12-24 10:49:54 +0000  15273 bytes for ./Payload/app_tubayo.app/assets/src/assets/icons/globe.png
copying file ./Payload/app_tubayo.app/assets/src/assets/icons/laptop.png ... 
2023-12-24 10:49:54 +0000  3106 bytes for ./Payload/app_tubayo.app/assets/src/assets/icons/laptop.png
copying file ./Payload/app_tubayo.app/assets/src/assets/icons/filter.png ... 
2023-12-24 10:49:54 +0000  1514 bytes for ./Payload/app_tubayo.app/assets/src/assets/icons/filter.png
2023-12-24 10:49:54 +0000  copying file ./Payload/app_tubayo.app/assets/src/assets/icons/smoke-detector.png ... 
2023-12-24 10:49:54 +0000  8609 bytes for ./Payload/app_tubayo.app/assets/src/assets/icons/smoke-detector.png
2023-12-24 10:49:54 +0000  copying file ./Payload/app_tubayo.app/assets/src/assets/icons/share.png ... 
2023-12-24 10:49:54 +0000  11655 bytes for ./Payload/app_tubayo.app/assets/src/assets/icons/share.png
copying file ./Payload/app_tubayo.app/assets/src/assets/icons/profile.png ... 
2023-12-24 10:49:54 +0000  960 bytes for ./Payload/app_tubayo.app/assets/src/assets/icons/profile.png
2023-12-24 10:49:54 +0000  copying file ./Payload/app_tubayo.app/assets/src/assets/icons/calories.png ... 
2023-12-24 10:49:54 +0000  17069 bytes for ./Payload/app_tubayo.app/assets/src/assets/icons/calories.png
2023-12-24 10:49:54 +0000  copying file ./Payload/app_tubayo.app/assets/src/assets/icons/eye.png ... 
2023-12-24 10:49:54 +0000  1894 bytes for ./Payload/app_tubayo.app/assets/src/assets/icons/eye.png
copying file ./Payload/app_tubayo.app/assets/src/assets/icons/location.png ... 
2023-12-24 10:49:54 +0000  1303 bytes for ./Payload/app_tubayo.app/assets/src/assets/icons/location.png
2023-12-24 10:49:54 +0000  copying file ./Payload/app_tubayo.app/assets/src/assets/icons/phone.png ... 
2023-12-24 10:49:54 +0000  10821 bytes for ./Payload/app_tubayo.app/assets/src/assets/icons/phone.png
2023-12-24 10:49:54 +0000  copying file ./Payload/app_tubayo.app/assets/src/assets/icons/call.png ... 
2023-12-24 10:49:54 +0000  6955 bytes for ./Payload/app_tubayo.app/assets/src/assets/icons/call.png
2023-12-24 10:49:54 +0000  copying file ./Payload/app_tubayo.app/assets/src/assets/icons/clock.png ... 
2023-12-24 10:49:54 +0000  1810 bytes for ./Payload/app_tubayo.app/assets/src/assets/icons/clock.png
copying file ./Payload/app_tubayo.app/assets/src/assets/icons/diamond.png ... 
2023-12-24 10:49:54 +0000  13988 bytes for ./Payload/app_tubayo.app/assets/src/assets/icons/diamond.png
2023-12-24 10:49:54 +0000  copying file ./Payload/app_tubayo.app/assets/src/assets/icons/delete.png ... 
993 bytes for ./Payload/app_tubayo.app/assets/src/assets/icons/delete.png
2023-12-24 10:49:54 +0000  copying file ./Payload/app_tubayo.app/assets/src/assets/icons/pencil.png ... 
2023-12-24 10:49:54 +0000  6624 bytes for ./Payload/app_tubayo.app/assets/src/assets/icons/pencil.png
2023-12-24 10:49:54 +0000  copying file ./Payload/app_tubayo.app/assets/src/assets/icons/compass.png ... 
2023-12-24 10:49:54 +0000  24558 bytes for ./Payload/app_tubayo.app/assets/src/assets/icons/compass.png
copying file ./Payload/app_tubayo.app/assets/src/assets/icons/soap.png ... 
2023-12-24 10:49:54 +0000  15494 bytes for ./Payload/app_tubayo.app/assets/src/assets/icons/soap.png
2023-12-24 10:49:54 +0000  copying file ./Payload/app_tubayo.app/assets/src/assets/icons/washer.png ... 
2023-12-24 10:49:54 +0000  15784 bytes for ./Payload/app_tubayo.app/assets/src/assets/icons/washer.png
2023-12-24 10:49:54 +0000  copying file ./Payload/app_tubayo.app/assets/src/assets/icons/kitchen.png ... 
2023-12-24 10:49:54 +0000  7928 bytes for ./Payload/app_tubayo.app/assets/src/assets/icons/kitchen.png
2023-12-24 10:49:54 +0000  copying file ./Payload/app_tubayo.app/assets/src/assets/icons/next.png ... 
2023-12-24 10:49:54 +0000  4939 bytes for ./Payload/app_tubayo.app/assets/src/assets/icons/next.png
2023-12-24 10:49:54 +0000  copying file ./Payload/app_tubayo.app/assets/src/assets/icons/star.png ... 
2023-12-24 10:49:54 +0000  715 bytes for ./Payload/app_tubayo.app/assets/src/assets/icons/star.png
2023-12-24 10:49:54 +0000  copying file ./Payload/app_tubayo.app/assets/src/assets/icons/plus-outline.png ... 
2023-12-24 10:49:54 +0000  15351 bytes for ./Payload/app_tubayo.app/assets/src/assets/icons/plus-outline.png
2023-12-24 10:49:54 +0000  copying file ./Payload/app_tubayo.app/assets/src/assets/icons/plus-fill.png ... 
2023-12-24 10:49:54 +0000  11440 bytes for ./Payload/app_tubayo.app/assets/src/assets/icons/plus-fill.png
2023-12-24 10:49:54 +0000  copying file ./Payload/app_tubayo.app/assets/src/assets/icons/armchair.png ... 
2023-12-24 10:49:54 +0000  10500 bytes for ./Payload/app_tubayo.app/assets/src/assets/icons/armchair.png
2023-12-24 10:49:54 +0000  copying file ./Payload/app_tubayo.app/assets/src/assets/icons/shopping-cart-outline.png ... 
2023-12-24 10:49:54 +0000  14590 bytes for ./Payload/app_tubayo.app/assets/src/assets/icons/shopping-cart-outline.png
2023-12-24 10:49:54 +0000  copying file ./Payload/app_tubayo.app/assets/src/assets/icons/toilet-paper.png ... 
2023-12-24 10:49:54 +0000  14399 bytes for ./Payload/app_tubayo.app/assets/src/assets/icons/toilet-paper.png
2023-12-24 10:49:54 +0000  copying file ./Payload/app_tubayo.app/assets/src/assets/icons/swim.png ... 
2023-12-24 10:49:54 +0000  15179 bytes for ./Payload/app_tubayo.app/assets/src/assets/icons/swim.png
2023-12-24 10:49:54 +0000  copying file ./Payload/app_tubayo.app/assets/src/assets/icons/mastercard.png ... 
2023-12-24 10:49:54 +0000  2022 bytes for ./Payload/app_tubayo.app/assets/src/assets/icons/mastercard.png
2023-12-24 10:49:54 +0000  copying file ./Payload/app_tubayo.app/assets/src/assets/icons/love.png ... 
2023-12-24 10:49:54 +0000  1051 bytes for ./Payload/app_tubayo.app/assets/src/assets/icons/love.png
copying file ./Payload/app_tubayo.app/assets/src/assets/icons/google.png ... 
2023-12-24 10:49:54 +0000  1854 bytes for ./Payload/app_tubayo.app/assets/src/assets/icons/google.png
2023-12-24 10:49:54 +0000  copying file ./Payload/app_tubayo.app/assets/src/assets/icons/notification.png ... 
2023-12-24 10:49:54 +0000  1196 bytes for ./Payload/app_tubayo.app/assets/src/assets/icons/notification.png
2023-12-24 10:49:54 +0000  copying file ./Payload/app_tubayo.app/assets/src/assets/icons/paypal.png ... 
2023-12-24 10:49:54 +0000  1708 bytes for ./Payload/app_tubayo.app/assets/src/assets/icons/paypal.png
copying file ./Payload/app_tubayo.app/assets/src/assets/icons/coupon.png ... 
2023-12-24 10:49:54 +0000  1416 bytes for ./Payload/app_tubayo.app/assets/src/assets/icons/coupon.png
2023-12-24 10:49:54 +0000  copying file ./Payload/app_tubayo.app/assets/src/assets/icons/setting.png ... 
2023-12-24 10:49:54 +0000  1304 bytes for ./Payload/app_tubayo.app/assets/src/assets/icons/setting.png
2023-12-24 10:49:54 +0000  copying file ./Payload/app_tubayo.app/assets/src/assets/icons/back.png ... 
2023-12-24 10:49:54 +0000  554 bytes for ./Payload/app_tubayo.app/assets/src/assets/icons/back.png
2023-12-24 10:49:54 +0000  copying file ./Payload/app_tubayo.app/assets/src/assets/icons/time-fill.png ... 
2023-12-24 10:49:54 +0000  11568 bytes for ./Payload/app_tubayo.app/assets/src/assets/icons/time-fill.png
2023-12-24 10:49:54 +0000  copying file ./Payload/app_tubayo.app/assets/src/assets/icons/dotted_line.png ... 
2023-12-24 10:49:54 +0000  277 bytes for ./Payload/app_tubayo.app/assets/src/assets/icons/dotted_line.png
2023-12-24 10:49:54 +0000  copying file ./Payload/app_tubayo.app/assets/src/assets/icons/fire-extinguisher.png ... 
2023-12-24 10:49:54 +0000  10134 bytes for ./Payload/app_tubayo.app/assets/src/assets/icons/fire-extinguisher.png
copying file ./Payload/app_tubayo.app/assets/src/assets/icons/lightbulb.png ... 
2023-12-24 10:49:54 +0000  16885 bytes for ./Payload/app_tubayo.app/assets/src/assets/icons/lightbulb.png
copying file ./Payload/app_tubayo.app/assets/src/assets/icons/image.png ... 
2023-12-24 10:49:54 +0000  15905 bytes for ./Payload/app_tubayo.app/assets/src/assets/icons/image.png
copying file ./Payload/app_tubayo.app/assets/src/assets/icons/burger.png ... 
2023-12-24 10:49:54 +0000  19985 bytes for ./Payload/app_tubayo.app/assets/src/assets/icons/burger.png
copying file ./Payload/app_tubayo.app/assets/src/assets/icons/check_circle.png ... 
2023-12-24 10:49:54 +0000  2159 bytes for ./Payload/app_tubayo.app/assets/src/assets/icons/check_circle.png
2023-12-24 10:49:54 +0000  copying file ./Payload/app_tubayo.app/assets/src/assets/icons/check_on.png ... 
2023-12-24 10:49:54 +0000  1983 bytes for ./Payload/app_tubayo.app/assets/src/assets/icons/check_on.png
copying file ./Payload/app_tubayo.app/assets/src/assets/icons/coins.png ... 
2023-12-24 10:49:54 +0000  20049 bytes for ./Payload/app_tubayo.app/assets/src/assets/icons/coins.png
2023-12-24 10:49:54 +0000  copying file ./Payload/app_tubayo.app/Roboto-Thin.ttf ... 
2023-12-24 10:49:54 +0000  130044 bytes for ./Payload/app_tubayo.app/Roboto-Thin.ttf
2023-12-24 10:49:54 +0000  copying file ./Payload/app_tubayo.app/Roboto-Black.ttf ... 
2023-12-24 10:49:54 +0000  142472 bytes for ./Payload/app_tubayo.app/Roboto-Black.ttf
copying file ./Payload/app_tubayo.app/Poppins-Thin.ttf ... 
2023-12-24 10:49:54 +0000  161600 bytes for ./Payload/app_tubayo.app/Poppins-Thin.ttf
copying file ./Payload/app_tubayo.app/Poppins-SemiBold.ttf ... 
2023-12-24 10:49:54 +0000  155192 bytes for ./Payload/app_tubayo.app/Poppins-SemiBold.ttf
copying file ./Payload/app_tubayo.app/Poppins-Italic.ttf ... 
2023-12-24 10:49:54 +0000  181972 bytes for ./Payload/app_tubayo.app/Poppins-Italic.ttf
copying file ./Payload/app_tubayo.app/Info.plist ... 
2023-12-24 10:49:54 +0000  8471 bytes for ./Payload/app_tubayo.app/Info.plist
2023-12-24 10:49:54 +0000  copying file ./Payload/app_tubayo.app/PkgInfo ... 
8 bytes for ./Payload/app_tubayo.app/PkgInfo
copying file ./Payload/app_tubayo.app/MaterialIcons.ttf ... 
2023-12-24 10:49:54 +0000  128180 bytes for ./Payload/app_tubayo.app/MaterialIcons.ttf
copying file ./Payload/app_tubayo.app/Poppins-MediumItalic.ttf ... 
2023-12-24 10:49:54 +0000  180412 bytes for ./Payload/app_tubayo.app/Poppins-MediumItalic.ttf
2023-12-24 10:49:54 +0000  /usr/bin/ditto exited with 0
2023-12-24 10:49:54 +0000  Processing step: IDEDistributionAppStoreInformationStep
2023-12-24 10:49:54 +0000  Skipping step: IDEDistributionAppStoreInformationStep because it said so
2023-12-24 10:49:54 +0000  Processing step: IDEDistributionGenerateProcessedDistributionItems
2023-12-24 10:49:54 +0000  IDEDistributionItem init <DVTFilePath:0x600029e6eae0:'/var/folders/wn/w8kf46y936l3v6vtjx8r79400000gn/T/XcodeDistPipeline.~~~mPhdoy/Root/Payload/app_tubayo.app'>
2023-12-24 10:49:54 +0000  Processing step: IDEDistributionCreateManifestStep
